config_id,category,n_layer,d_model,n_h,n_kv,d_qk,d_v,d_mlp,decode_tok_s,ttft_ms,tpot_ms,duration_s,baseline_power_w,active_power_w,peak_power_w,dynamic_power_w,total_energy_j,dynamic_energy_per_token_mj,temp_cpu_start_c,temp_cpu_end_c,cooling_state,cpu_freq_mhz,voltage_v,notes
RND_0001,Random_50M_150M,14,608,8,4,48,16,1376,22.9100,878.00,43.65,2.2311,0.2749,0.4534,0.6736,0.1785,1.0115,12.4439,33.4,33.4,0,1900.8,4.428,
RND_0003,Random_50M_150M,22,576,8,4,16,64,2784,10.9400,2273.00,91.41,5.1066,0.2557,0.6198,1.0324,0.3641,3.1652,58.1040,35.1,36.1,0,1900.8,4.405,
RND_0004,Random_50M_150M,15,608,12,12,64,64,2240,13.8100,1956.00,72.41,4.2008,0.2997,0.5540,0.7817,0.2543,2.3271,33.3809,36.4,37.1,0,1900.8,4.401,
RND_0005,Random_50M_150M,19,544,2,1,64,64,2560,15.3500,1700.00,65.15,3.7195,0.2801,0.5737,0.7912,0.2936,2.1339,34.1297,36.8,37.8,0,1900.8,4.391,
RND_0006,Random_50M_150M,27,416,12,3,64,64,512,21.2300,967.00,47.10,2.4272,0.2833,0.5127,0.8268,0.2293,1.2443,17.3935,38.1,38.5,0,1900.8,4.390,
RND_0007,Random_50M_150M,26,448,4,1,48,16,1824,16.5300,1382.00,60.50,3.2574,0.2434,0.5826,0.9563,0.3392,1.8979,34.5326,37.8,38.1,0,1900.8,4.389,
RND_0008,Random_50M_150M,7,640,6,6,16,32,2624,8.9200,637.00,112.11,4.1123,0.2834,0.5972,0.8781,0.3139,2.4560,40.3368,38.5,39.2,0,1900.8,4.383,
RND_0009,Random_50M_150M,10,576,2,1,48,48,2304,22.5300,821.00,44.39,2.1969,0.2809,0.4785,0.7534,0.1976,1.0512,13.5659,38.8,38.8,0,1900.8,4.374,
RND_0010,Random_50M_150M,10,640,2,1,48,16,2144,24.1200,956.00,41.46,2.2412,0.4066,0.4723,0.7947,0.0657,1.0585,4.5991,38.8,39.2,0,1900.8,4.373,
RND_0012,Random_50M_150M,28,384,1,1,16,64,1088,9.7800,592.00,102.25,3.7617,0.2343,0.6384,0.8831,0.4041,2.4013,47.4980,39.8,39.8,0,1900.8,4.363,
RND_0013,Random_50M_150M,15,544,12,2,64,16,2592,15.1700,1446.00,65.92,3.4895,0.2783,0.5463,1.0725,0.2681,1.9063,29.2308,39.8,41.5,0,1900.8,4.361,
RND_0014,Random_50M_150M,18,352,12,6,16,48,1920,19.8800,933.00,50.30,2.4924,0.2966,0.5631,0.9014,0.2665,1.4035,20.7558,39.8,41.5,0,1900.8,4.350,
RND_0015,Random_50M_150M,15,416,6,1,16,64,1888,22.8600,823.00,43.74,2.1791,0.2398,0.5224,0.8022,0.2826,1.1384,19.2470,39.8,40.5,0,1900.8,4.347,
RND_0017,Random_50M_150M,14,480,16,8,16,16,2336,20.5300,1107.00,48.71,2.6170,0.2388,0.5349,0.7457,0.2960,1.3997,24.2109,39.8,40.5,0,1900.8,4.335,
RND_0018,Random_50M_150M,26,480,8,4,32,64,1120,17.1100,1237.00,58.45,3.0488,0.3050,0.5841,1.0115,0.2791,1.7808,26.5878,39.5,42.2,0,1900.8,4.321,
RND_0019,Random_50M_150M,9,480,2,2,64,32,2144,26.4300,615.00,37.84,1.7879,0.2907,0.4464,0.7410,0.1557,0.7982,8.6997,39.8,40.9,0,1900.8,4.316,
RND_0020,Random_50M_150M,12,448,4,1,16,16,1664,11.3000,439.00,88.50,3.1824,0.2666,0.5773,0.8738,0.3107,1.8373,30.8988,39.5,40.9,0,1900.8,4.298,
RND_0021,Random_50M_150M,13,416,12,2,64,16,1728,24.1200,693.00,41.46,1.9782,0.2753,0.5029,0.8363,0.2277,0.9949,14.0746,39.5,41.2,0,1900.8,4.291,
RND_0022,Random_50M_150M,21,384,6,1,32,64,1760,22.6800,1017.00,44.09,2.3838,0.2580,0.5681,0.9196,0.3101,1.3543,23.0991,39.8,41.9,0,1900.8,4.281,
RND_0023,Random_50M_150M,11,608,8,2,64,16,1792,23.3600,869.00,42.81,2.1961,0.2640,0.4754,0.7605,0.2114,1.0440,14.5108,39.8,41.2,0,1900.8,4.277,
RND_0024,Random_50M_150M,20,480,12,6,48,16,1440,19.5300,1148.00,51.20,2.7353,0.2854,0.5314,0.7092,0.2460,1.4535,21.0255,39.8,41.9,0,1900.8,4.262,
RND_0025,Random_50M_150M,6,576,1,1,64,64,2272,28.8400,508.00,34.67,1.5829,0.2992,0.4500,0.7603,0.1508,0.7123,7.4604,39.8,40.5,0,1900.8,4.249,
RND_0026,Random_50M_150M,21,480,16,4,48,64,1280,16.8500,1387.00,59.35,3.2268,0.4968,0.5897,1.0354,0.0929,1.9029,9.3673,39.8,40.9,0,1900.8,4.237,
RND_0027,Random_50M_150M,15,544,6,3,16,64,2368,16.7700,1305.00,59.63,3.1535,0.2841,0.5565,1.2429,0.2724,1.7549,26.8449,39.8,40.9,0,1900.8,4.221,
RND_0028,Random_50M_150M,26,640,12,3,32,16,1504,12.6500,1864.00,79.05,4.3146,0.2753,0.5804,0.9346,0.3051,2.5043,41.1345,39.8,40.9,0,1900.8,4.202,
RND_0029,Random_50M_150M,24,544,8,2,48,32,1472,16.1600,1433.00,61.88,3.3513,0.2839,0.5514,0.8921,0.2675,1.8480,28.0183,39.8,41.2,0,1900.8,4.189,
RND_0030,Random_50M_150M,16,544,16,4,64,64,2560,13.0100,1929.00,76.86,4.3118,0.2916,0.6022,0.9304,0.3106,2.5966,41.8520,39.8,40.9,0,1900.8,4.172,
RND_0031,Random_50M_150M,27,320,6,3,16,64,1312,22.9300,999.00,43.61,2.3509,0.3132,0.5607,0.9395,0.2474,1.3182,18.1789,39.8,41.2,0,1900.8,4.162,
RND_0032,Random_50M_150M,24,480,16,16,64,48,1536,5.7000,2190.00,175.44,7.6286,0.2742,0.7234,1.1735,0.4492,5.5183,107.0852,39.8,42.2,0,1900.8,4.139,
RND_0033,Random_50M_150M,26,352,2,1,64,16,1632,19.5100,1002.00,51.26,2.5909,0.2847,0.6006,0.9941,0.3159,1.5562,25.5794,39.8,40.5,0,1900.8,4.132,
RND_0034,Random_50M_150M,14,608,1,1,64,32,1408,24.0700,804.00,41.55,2.0919,0.2863,0.4624,0.7062,0.1761,0.9672,11.5110,39.8,40.5,0,1900.8,4.113,
RND_0035,Random_50M_150M,13,640,2,1,48,64,1376,25.3700,782.00,39.42,2.0039,0.2428,0.4361,0.6472,0.1934,0.8740,12.1097,39.8,41.2,0,1900.8,4.100,
RND_0036,Random_50M_150M,8,640,8,1,48,32,3264,7.1600,855.00,139.66,5.1846,0.2947,0.5835,0.9137,0.2888,3.0254,46.7916,39.5,41.9,0,1900.8,4.084,
RND_0037,Random_50M_150M,26,448,2,1,64,16,2144,14.9100,1556.00,67.07,3.6351,0.3148,0.7469,1.1450,0.4321,2.7151,49.0834,39.8,41.5,0,1900.8,4.065,
RND_0038,Random_50M_150M,11,544,1,1,64,48,2720,17.2900,1487.00,57.84,3.2799,0.2985,0.5186,0.7618,0.2201,1.7010,22.5588,39.8,41.5,0,1900.8,4.058,
RND_0039,Random_50M_150M,28,608,2,2,48,64,1376,14.1700,1639.00,70.57,3.8267,0.3008,0.5637,0.8920,0.2629,2.1571,31.4385,39.8,41.5,0,1900.8,4.030,
RND_0011,Random_50M_150M,19,608,2,1,64,64,2336,22.1100,1239.00,45.23,2.6411,0.0965,0.3428,0.5957,0.2463,0.9055,20.3269,30.0,30.6,0,1900.8,4.400,
RND_0040,Random_50M_150M,10,640,4,2,64,16,1696,39.1900,534.00,25.52,1.3250,0.1030,0.2683,0.3968,0.1653,0.3555,6.8447,30.3,31.7,0,1900.8,4.400,
RND_0041,Random_50M_150M,13,512,16,16,48,16,2528,27.0300,960.00,37.00,2.1069,0.1412,0.3645,0.6640,0.2233,0.7679,14.7001,31.7,31.7,0,1900.8,4.395,
RND_0042,Random_50M_150M,12,512,12,1,32,16,1696,38.1800,555.00,26.19,1.3669,0.1319,0.2864,0.3979,0.1544,0.3914,6.5970,32.0,33.0,0,1900.8,4.393,
RND_0043,Random_50M_150M,14,640,6,3,48,32,1056,35.2300,565.00,28.38,1.4449,0.1000,0.2821,0.4359,0.1821,0.4076,8.2220,32.7,33.0,0,1900.8,4.401,
RND_0044,Random_50M_150M,23,576,2,2,48,64,1856,8.1500,877.00,122.70,4.6807,0.1164,0.5302,0.7916,0.4139,2.4819,60.5351,32.0,33.0,0,1900.8,4.382,
RND_0045,Random_50M_150M,6,608,16,8,48,32,1728,47.1800,450.00,21.20,1.1071,0.1001,0.3018,0.4523,0.2018,0.3342,6.9804,33.4,33.4,0,1900.8,4.381,
RND_0046,Random_50M_150M,21,512,16,1,16,48,800,38.6500,613.00,25.87,1.4151,0.1041,0.2911,0.4335,0.1870,0.4119,8.2696,32.3,33.0,0,1900.8,4.382,
RND_0047,Random_50M_150M,22,448,12,12,48,16,864,30.9700,617.00,32.29,1.6180,0.1112,0.3395,0.5897,0.2283,0.5493,11.5428,33.0,34.0,0,1900.8,4.378,
RND_0048,Random_50M_150M,20,352,2,2,48,64,1632,38.5100,674.00,25.97,1.4790,0.1310,0.3533,0.6620,0.2223,0.5225,10.2733,33.0,33.7,0,1900.8,4.385,
RND_0049,Random_50M_150M,16,544,8,1,32,32,2432,26.9300,988.00,37.13,2.1391,0.1039,0.3245,0.6371,0.2206,0.6942,14.7466,33.0,33.0,0,1900.8,4.370,
RND_0050,Random_50M_150M,16,640,8,2,32,32,1664,9.8400,681.00,101.63,3.8314,0.1010,0.4518,0.6642,0.3507,1.7309,41.9922,33.7,33.7,0,1900.8,4.370,
RND_0051,Random_50M_150M,12,512,16,16,32,64,2624,8.9700,763.00,111.48,4.2190,0.1204,0.5144,0.8387,0.3940,2.1704,51.9456,34.0,34.4,0,1900.8,4.364,
RND_0052,Random_50M_150M,8,576,16,16,16,32,2112,13.1600,447.00,75.99,2.8026,0.1138,0.4350,0.7022,0.3213,1.2192,28.1371,33.4,34.0,0,1900.8,4.361,
RND_0053,Random_50M_150M,23,512,4,1,32,64,1184,35.6300,748.00,28.07,1.6181,0.1190,0.2804,0.4176,0.1614,0.4537,8.1605,34.4,34.4,0,1900.8,4.353,
RND_0054,Random_50M_150M,21,640,4,2,32,48,2528,19.8800,1555.00,50.30,3.1144,0.1308,0.4035,0.6683,0.2727,1.2566,26.5390,34.4,34.7,0,1900.8,4.350,
RND_0055,Random_50M_150M,14,416,16,2,64,64,2048,31.8900,752.00,31.36,1.7241,0.1072,0.3519,0.5971,0.2447,0.6066,13.1835,34.0,34.7,0,1900.8,4.343,
RND_0056,Random_50M_150M,28,640,1,1,64,32,832,29.6700,920.00,33.70,1.9648,0.1164,0.3379,0.7564,0.2215,0.6639,13.5994,35.4,34.4,0,1900.8,4.345,
RND_0057,Random_50M_150M,19,608,16,16,16,16,1088,30.6600,759.00,32.62,1.7701,0.1141,0.2710,0.3708,0.1569,0.4797,8.6795,34.4,34.7,0,1900.8,4.339,
RND_0058,Random_50M_150M,9,512,6,3,32,64,2624,13.5400,439.00,73.86,2.7285,0.1166,0.4694,0.6798,0.3528,1.2808,30.0844,35.4,34.7,0,1900.8,4.344,
RND_0059,Random_50M_150M,26,544,6,2,32,64,1152,24.2400,884.00,41.25,2.1629,0.1118,0.3561,0.6769,0.2443,0.7702,16.5141,34.4,34.4,0,1900.8,4.331,
RND_0060,Random_50M_150M,20,608,8,8,48,16,1504,24.9200,975.00,40.13,2.2190,0.0865,0.3743,0.5779,0.2878,0.8306,19.9589,34.7,35.4,0,1900.8,4.328,
RND_0061,Random_50M_150M,10,480,12,1,16,48,2176,41.7200,494.00,23.97,1.2370,0.1086,0.2540,0.3221,0.1454,0.3142,5.6195,35.1,34.7,0,1900.8,4.323,
RND_0062,Random_50M_150M,15,640,16,4,48,64,2784,20.3800,1606.00,49.07,3.1271,0.3423,0.4111,0.6316,0.0688,1.2857,6.7221,34.7,35.4,0,1900.8,4.315,
RND_0063,Random_50M_150M,18,512,8,1,32,48,1696,30.2400,785.00,33.07,1.8101,0.1133,0.3219,0.5858,0.2085,0.5826,11.7969,35.4,35.1,0,1900.8,4.307,
RND_0064,Random_50M_150M,12,608,6,3,32,32,1600,35.5500,615.00,28.13,1.4870,0.1127,0.3290,0.4236,0.2163,0.4892,10.0495,35.1,35.4,0,1900.8,4.309,
RND_0065,Random_50M_150M,20,512,6,2,16,32,1728,10.4500,590.00,95.69,3.5565,0.1195,0.5334,1.1946,0.4139,1.8970,46.0034,34.4,36.1,0,1900.8,4.299,
RND_0066,Random_50M_150M,15,544,1,1,48,16,1472,31.7600,799.00,31.49,1.7751,0.1201,0.3811,0.8897,0.2610,0.6764,14.4753,34.7,35.4,0,1900.8,4.290,
RND_0067,Random_50M_150M,19,416,16,16,16,16,1792,30.9100,745.00,32.35,1.7479,0.0977,0.3823,0.6686,0.2845,0.6682,15.5405,35.1,35.4,0,1900.8,4.305,
RND_0068,Random_50M_150M,24,384,12,12,32,64,1056,28.7600,744.00,34.77,1.8219,0.1315,0.4114,0.7299,0.2799,0.7496,15.9369,35.7,35.7,0,1900.8,4.291,
RND_0069,Random_50M_150M,26,416,16,8,48,64,1504,21.2000,1290.00,47.17,2.7523,0.1161,0.4765,0.8657,0.3604,1.3115,31.0017,35.4,35.1,0,1900.8,4.282,
RND_0070,Random_50M_150M,3,640,8,1,64,32,2944,17.2400,227.00,58.00,2.0251,0.1326,0.3231,0.4937,0.1905,0.6543,12.0552,35.1,35.4,0,1900.8,4.280,
RND_0071,Random_50M_150M,8,576,16,1,48,16,2336,40.5200,580.00,24.68,1.3451,0.1222,0.2557,0.2994,0.1335,0.3440,5.6129,36.4,35.7,0,1900.8,4.275,
RND_0072,Random_50M_150M,16,608,6,6,48,16,1248,30.7800,675.00,32.49,1.6821,0.1130,0.3305,0.5035,0.2175,0.5559,11.4319,35.4,36.1,0,1900.8,4.278,
RND_0073,Random_50M_150M,15,544,12,2,16,64,2080,26.2300,907.00,38.12,2.0889,0.1082,0.3537,0.5886,0.2456,0.7389,16.0296,36.1,36.4,0,1900.8,4.268,
RND_0074,Random_50M_150M,26,416,16,16,64,32,1664,17.5500,1358.00,56.98,3.1244,0.1006,0.5015,0.8003,0.4009,1.5669,39.1402,35.7,36.4,0,1900.8,4.277,
RND_0075,Random_50M_150M,6,640,1,1,48,32,3264,38.5600,573.00,25.93,1.3769,0.1237,0.2991,0.4510,0.1754,0.4118,7.5481,35.4,36.8,0,1900.8,4.260,
RND_0076,Random_50M_150M,21,448,16,8,48,32,1632,26.2700,934.00,38.07,2.1141,0.1152,0.3733,0.5901,0.2581,0.7892,17.0521,35.7,36.4,0,1900.8,4.269,
RND_0077,Random_50M_150M,27,480,4,1,32,48,2272,19.0700,1375.00,52.44,3.0006,0.1435,0.4525,0.9316,0.3090,1.3578,28.9749,35.4,35.7,0,1900.8,4.256,
RND_0078,Random_50M_150M,21,384,4,1,64,64,1536,13.8600,489.00,72.15,2.7257,0.1240,0.5002,0.7054,0.3762,1.3633,32.0400,35.7,35.7,0,1900.8,4.253,
RND_0079,Random_50M_150M,10,608,8,4,48,48,2880,28.0800,857.00,35.61,1.9610,0.1050,0.3003,0.4243,0.1952,0.5888,11.9643,36.1,36.4,0,1900.8,4.247,
RND_0080,Random_50M_150M,27,512,1,1,16,16,1152,25.7000,1066.00,38.91,2.2722,0.0914,0.3299,0.5745,0.2385,0.7496,16.9344,35.7,35.4,0,1900.8,4.255,
RND_0081,Random_50M_150M,19,576,1,1,32,32,1152,39.1900,610.00,25.52,1.4010,0.1223,0.3390,0.5379,0.2167,0.4750,9.4897,35.7,36.4,0,1900.8,4.249,
RND_0082,Random_50M_150M,14,640,2,1,64,32,896,15.3000,359.00,65.36,2.3851,0.1116,0.3541,0.6766,0.2425,0.8446,18.0772,36.1,36.1,0,1900.8,4.241,
RND_0083,Random_50M_150M,26,448,16,8,48,48,1792,7.6400,1031.00,130.89,5.0886,0.1135,0.5746,1.1776,0.4611,2.9238,73.3183,36.1,36.4,0,1900.8,4.232,
RND_0084,Random_50M_150M,17,608,4,4,64,16,2016,25.5600,999.00,39.12,2.2118,0.1126,0.3293,0.6213,0.2167,0.7283,14.9763,35.4,35.7,0,1900.8,4.228,
RND_0085,Random_50M_150M,22,576,2,2,64,48,2624,18.0000,1500.00,55.56,3.2222,0.1266,0.4265,0.6343,0.2999,1.3744,30.1982,36.1,36.4,0,1900.8,4.232,
RND_0086,Random_50M_150M,19,416,16,4,48,48,1568,23.6600,750.00,42.27,2.0602,0.1155,0.3696,0.6131,0.2541,0.7614,16.3575,36.4,36.4,0,1900.8,4.223,
RND_0087,Random_50M_150M,12,608,4,4,48,64,1536,31.4700,617.00,31.78,1.6021,0.1081,0.2694,0.3634,0.1614,0.4317,8.0791,36.1,36.4,0,1900.8,4.227,
RND_0088,Random_50M_150M,26,640,2,1,32,48,1152,26.9600,972.00,37.09,2.1219,0.1352,0.2891,0.4578,0.1539,0.6134,10.2069,36.1,36.8,0,1900.8,4.215,
RND_0089,Random_50M_150M,26,544,12,3,16,48,1984,18.9800,1420.00,52.69,3.0533,0.1144,0.4007,0.6149,0.2863,1.2236,27.3197,36.4,35.7,0,1900.8,4.217,
RND_0090,Random_50M_150M,26,640,1,1,32,48,2208,13.7200,2414.00,72.89,4.6735,0.0936,0.4687,0.8759,0.3751,2.1905,54.7863,36.4,36.1,0,1900.8,4.205,
RND_0091,Random_50M_150M,24,416,16,1,16,64,1760,25.4700,973.00,39.26,2.1901,0.1030,0.4332,0.6890,0.3302,0.9487,22.5970,37.1,36.4,0,1900.8,4.201,
RND_0092,Random_50M_150M,12,544,12,1,64,32,1984,32.2600,705.00,31.00,1.6659,0.1165,0.3314,0.5023,0.2150,0.5521,11.1912,36.8,37.1,0,1900.8,4.199,
RND_0093,Random_50M_150M,20,448,1,1,16,32,1504,35.2700,561.00,28.35,1.4399,0.1058,0.3230,0.4650,0.2171,0.4651,9.7713,36.4,36.8,0,1900.8,4.197,
RND_0094,Random_50M_150M,4,608,2,2,64,64,3104,49.6000,405.00,20.16,1.0300,0.1205,0.2542,0.3627,0.1337,0.2618,4.3021,37.1,36.1,0,1900.8,4.203,
RND_0095,Random_50M_150M,25,544,2,2,48,64,2624,17.9100,1640.00,55.83,3.3709,0.1575,0.4978,0.7771,0.3403,1.6780,35.8442,36.1,36.4,0,1900.8,4.182,
RND_0096,Random_50M_150M,16,576,6,6,48,16,2560,23.6800,1141.00,42.23,2.4501,0.1025,0.3797,0.5852,0.2772,0.9304,21.2262,36.4,37.8,0,1900.8,4.174,
RND_0097,Random_50M_150M,18,576,4,2,16,48,2240,8.7300,921.00,114.55,4.4720,0.1086,0.4974,0.8009,0.3888,2.2246,54.3349,36.1,37.1,0,1900.8,4.179,
RND_0098,Random_50M_150M,4,640,4,1,16,16,3520,15.5000,360.00,64.52,2.3600,0.1026,0.3484,0.6282,0.2458,0.8223,18.1268,36.8,35.7,0,1900.8,4.174,
RND_0099,Random_50M_150M,21,576,1,1,64,16,2560,16.7700,2141.00,59.63,3.9895,0.3459,0.4665,0.7043,0.1206,1.8612,15.0379,36.1,36.8,0,1900.8,4.163,
RND_0100,Random_50M_150M,21,480,2,1,48,16,1536,35.2700,719.00,28.35,1.5979,0.1132,0.3467,0.6387,0.2335,0.5540,11.6604,36.4,36.4,0,1900.8,4.170,
RND_0101,Random_50M_150M,14,480,16,2,64,48,2080,29.6900,837.00,33.68,1.8811,0.1197,0.3578,1.1008,0.2382,0.6731,13.9999,36.8,36.4,0,1900.8,4.161,
RND_0102,Random_50M_150M,26,320,6,3,48,16,1184,37.7600,539.00,26.48,1.3600,0.1056,0.4154,0.6763,0.3098,0.5650,13.1677,36.8,36.4,0,1900.8,4.162,
RND_0103,Random_50M_150M,13,640,4,2,64,32,1760,30.3900,716.00,32.91,1.7361,0.1201,0.3124,0.4275,0.1923,0.5424,10.4316,36.4,37.1,0,1900.8,4.154,
RND_0104,Random_50M_150M,9,640,16,2,64,16,3136,9.3600,736.00,106.84,4.0480,0.1143,0.5081,0.8255,0.3938,2.0567,49.8152,37.1,36.8,0,1900.8,4.147,
RND_0105,Random_50M_150M,19,608,16,4,64,32,2432,18.8300,1606.00,53.11,3.2523,0.1017,0.4347,0.7108,0.3330,1.4138,33.8467,36.8,36.8,0,1900.8,4.147,
RND_0106,Random_50M_150M,25,640,16,4,16,64,1248,21.3500,1348.00,46.84,2.8000,0.0984,0.3987,0.6241,0.3003,1.1162,26.2734,36.8,36.4,0,1900.8,4.141,
RND_0107,Random_50M_150M,6,640,4,1,32,16,2848,43.4800,504.00,23.00,1.2170,0.1071,0.2685,0.3839,0.1614,0.3268,6.1391,37.1,36.8,0,1900.8,4.140,
RND_0108,Random_50M_150M,22,352,1,1,32,64,1856,34.1400,641.00,29.29,1.5490,0.1146,0.3591,0.7171,0.2445,0.5563,11.8379,37.1,36.4,0,1900.8,4.131,
RND_0109,Random_50M_150M,14,544,16,1,64,16,2496,26.3600,965.00,37.94,2.1410,0.0948,0.3849,0.8122,0.2902,0.8241,19.4150,37.8,37.5,0,1900.8,4.132,
RND_0110,Random_50M_150M,9,576,2,1,64,32,3008,11.2400,546.00,88.97,3.3040,0.0967,0.4749,0.6873,0.3783,1.5692,39.0580,36.1,37.1,0,1900.8,4.125,
RND_0111,Random_50M_150M,24,576,8,8,32,32,1600,7.6200,883.00,131.23,4.9512,0.1073,0.5184,0.7238,0.4112,2.5669,63.6203,36.4,37.1,0,1900.8,4.123,
RND_0112,Random_50M_150M,18,576,8,2,64,48,1952,25.3300,1018.00,39.48,2.2418,0.1111,0.3475,0.6343,0.2364,0.7791,16.5623,37.1,37.1,0,1900.8,4.116,
RND_0113,Random_50M_150M,22,352,4,2,64,16,1824,33.3000,673.00,30.03,1.6039,0.1059,0.4043,0.5867,0.2984,0.6485,14.9568,35.7,36.8,0,1900.8,4.125,
RND_0114,Random_50M_150M,18,480,4,2,16,48,2624,26.3400,1017.00,37.97,2.1939,0.1108,0.3817,0.6815,0.2709,0.8373,18.5718,36.8,36.4,0,1900.8,4.110,
RND_0115,Random_50M_150M,11,480,16,8,64,64,1856,33.9900,801.00,29.42,1.7130,0.1158,0.3228,0.4477,0.2070,0.5529,11.0796,35.7,35.7,0,1900.8,4.104,
RND_0116,Random_50M_150M,26,512,4,2,32,32,1440,27.3900,1006.00,36.51,2.1378,0.0880,0.3805,0.5998,0.2925,0.8135,19.5387,36.4,36.8,0,1900.8,4.103,
RND_0117,Random_50M_150M,14,544,4,2,48,48,2304,29.7500,838.00,33.61,1.8800,0.1244,0.2931,0.6120,0.1687,0.5510,9.9098,36.1,36.8,0,1900.8,4.098,
RND_0118,Random_50M_150M,25,576,8,4,16,32,1312,26.0100,950.00,38.45,2.1418,0.1111,0.3455,0.6118,0.2344,0.7400,15.6899,36.1,36.4,0,1900.8,4.099,
RND_0119,Random_50M_150M,24,288,16,16,48,64,576,29.8900,650.00,33.46,1.6871,0.1156,0.4850,0.8402,0.3694,0.8183,19.4751,36.4,36.4,0,1900.8,4.088,
RND_0120,Random_50M_150M,18,576,1,1,48,32,2720,22.4200,1221.00,44.60,2.6037,0.1295,0.3570,0.5926,0.2275,0.9296,18.5109,35.7,36.8,0,1900.8,4.081,
RND_0121,Random_50M_150M,26,512,16,4,64,16,1856,7.0100,1050.00,142.65,5.4723,0.1186,0.5497,1.0681,0.4311,3.0081,73.7273,36.1,36.4,0,1900.8,4.077,
RND_0122,Random_50M_150M,11,608,4,1,32,48,1632,42.7600,553.00,23.39,1.2780,0.1133,0.3054,0.4552,0.1921,0.3903,7.6702,36.1,36.4,0,1900.8,4.072,
RND_0123,Random_50M_150M,11,608,1,1,48,48,2304,26.1600,1021.00,38.23,2.2060,0.1025,0.3572,0.5518,0.2547,0.7880,17.5613,36.1,37.8,0,1900.8,4.079,
RND_0124,Random_50M_150M,16,448,16,8,16,64,1888,30.0100,800.00,33.32,1.8330,0.1127,0.3834,1.1970,0.2707,0.7028,15.5048,36.4,36.1,0,1900.8,4.068,
RND_0125,Random_50M_150M,16,608,12,12,32,64,2432,18.5700,1307.00,53.85,2.9764,0.1189,0.3989,0.6108,0.2801,1.1873,26.0491,36.1,37.1,0,1900.8,4.065,
RND_0126,Random_50M_150M,15,448,6,6,16,32,1312,42.4100,435.00,23.58,1.1660,0.1056,0.2775,0.3901,0.1719,0.3236,6.2627,36.4,37.1,0,1900.8,4.065,
RND_0127,Random_50M_150M,20,640,16,1,16,32,1248,26.8900,873.00,37.19,2.0258,0.1430,0.3269,0.5509,0.1839,0.6622,11.6404,36.8,36.4,0,1900.8,4.069,
RND_0128,Random_50M_150M,9,544,4,1,64,32,2368,42.7000,621.00,23.42,1.3470,0.1062,0.2625,0.4315,0.1563,0.3536,6.5809,36.8,36.4,0,1900.8,4.052,
RND_0129,Random_50M_150M,26,640,1,1,32,32,1472,23.6800,1070.00,42.23,2.3791,0.1095,0.3784,0.6234,0.2688,0.9002,19.9877,37.1,36.4,0,1900.8,4.052,
RND_0130,Random_50M_150M,20,512,12,1,32,64,1728,9.5300,777.00,104.93,4.0299,0.1144,0.5415,0.7763,0.4271,2.1822,53.7882,36.4,37.5,0,1900.8,4.043,
RND_0131,Random_50M_150M,9,608,1,1,48,32,2208,43.6000,573.00,22.94,1.2840,0.1076,0.2974,0.3961,0.1898,0.3819,7.6167,36.8,36.4,0,1900.8,4.043,
RND_0132,Random_50M_150M,26,352,4,2,32,64,1056,38.5100,516.00,25.97,1.3210,0.1046,0.3423,0.5656,0.2377,0.4522,9.8133,36.8,37.5,0,1900.8,4.045,
RND_0133,Random_50M_150M,12,448,4,4,48,32,1632,43.0000,425.00,23.26,1.1459,0.1097,0.2368,0.3439,0.1272,0.2714,4.5538,36.1,36.1,0,1900.8,4.040,
RND_0134,Random_50M_150M,11,480,1,1,48,16,1728,33.0500,575.00,30.26,1.5130,0.1146,0.3285,0.5103,0.2139,0.4970,10.1129,37.1,36.1,0,1900.8,4.036,
RND_0135,Random_50M_150M,22,640,4,4,64,64,768,11.1700,558.00,89.53,3.3333,0.1024,0.4571,0.7009,0.3547,1.5237,36.9497,36.8,37.1,0,1900.8,4.035,
RND_0136,Random_50M_150M,18,512,12,3,32,64,928,33.7300,581.00,29.65,1.5001,0.1603,0.3070,0.4738,0.1467,0.4606,6.8771,37.1,36.8,0,1900.8,4.033,
RND_0137,Random_50M_150M,12,416,6,3,32,48,2080,40.3600,476.00,24.78,1.2441,0.1130,0.3357,0.5264,0.2227,0.4176,8.6592,36.1,36.8,0,1900.8,4.026,
RND_0138,Random_50M_150M,18,384,12,4,16,64,2016,30.8200,722.00,32.45,1.7278,0.1106,0.3665,0.5905,0.2559,0.6332,13.8180,36.8,36.1,0,1900.8,4.027,
RND_0139,Random_50M_150M,23,640,4,2,32,32,2016,20.4200,1404.00,48.97,2.9221,0.0969,0.3826,0.6892,0.2857,1.1179,26.0896,36.1,36.8,0,1900.8,4.016,
RND_0140,Random_50M_150M,14,576,2,2,16,48,2848,25.9800,1017.00,38.49,2.2102,0.1073,0.3155,0.6044,0.2082,0.6973,14.3777,37.1,37.1,0,1900.8,4.022,
RND_0141,Random_50M_150M,17,512,1,1,16,16,2656,21.2000,1539.00,47.17,3.0013,0.1001,0.4188,0.6878,0.3187,1.2569,29.8893,36.1,36.8,0,1900.8,4.009,
RND_0142,Random_50M_150M,27,480,1,1,16,32,1856,24.5800,1058.00,40.68,2.3192,0.1395,0.4470,0.8207,0.3076,1.0368,22.2909,37.1,37.1,0,1900.8,4.006,
RND_0143,Random_50M_150M,28,384,6,6,16,32,1216,12.7800,491.00,78.25,2.9167,0.1182,0.4916,0.8060,0.3734,1.4339,34.0338,36.4,37.8,0,1900.8,4.010,
RND_0144,Random_50M_150M,24,608,2,1,32,48,1152,28.8400,798.00,34.67,1.8729,0.1193,0.3137,0.5319,0.1944,0.5875,11.3753,36.8,36.4,0,1900.8,3.999,
RND_0145,Random_50M_150M,25,576,1,1,32,64,960,11.9600,547.00,83.61,3.1390,0.1292,0.4673,0.8126,0.3381,1.4670,33.1644,37.5,37.1,0,1900.8,3.996,
RND_0146,Random_50M_150M,16,608,2,1,64,32,1984,26.0100,871.00,38.45,2.0628,0.0886,0.3651,0.6145,0.2765,0.7532,17.8260,36.8,37.5,0,1900.8,3.990,
RND_0147,Random_50M_150M,26,576,4,2,64,32,1248,26.5400,940.00,37.68,2.1080,0.1961,0.3696,0.7939,0.1734,0.7791,11.4251,37.1,37.1,0,1900.8,3.985,
RND_0148,Random_50M_150M,16,480,2,2,48,16,2112,34.0300,708.00,29.39,1.6190,0.1214,0.3715,0.6642,0.2501,0.6014,12.6514,37.5,38.1,0,1900.8,3.990,
RND_0149,Random_50M_150M,25,544,12,6,16,48,800,30.5700,786.00,32.71,1.8001,0.1099,0.3279,0.5099,0.2181,0.5903,12.2669,36.4,37.5,0,1900.8,3.980,
RND_0150,Random_50M_150M,16,512,1,1,64,32,2656,24.4100,998.00,40.97,2.2680,0.1268,0.3961,0.6857,0.2693,0.8984,19.0876,36.8,37.1,0,1900.8,3.976,
RND_0151,Random_50M_150M,12,480,8,1,64,64,1792,38.2200,530.00,26.16,1.3411,0.1107,0.2945,0.4566,0.1838,0.3949,7.7022,38.8,37.1,0,1900.8,3.974,
RND_0152,Random_50M_150M,18,384,12,12,64,64,608,35.9200,506.00,27.84,1.3690,0.1106,0.2959,0.4576,0.1853,0.4051,7.9257,36.4,37.5,0,1900.8,3.976,
RND_0153,Random_50M_150M,19,384,4,4,64,32,1536,13.6900,442.00,73.05,2.7064,0.1187,0.4962,0.7689,0.3775,1.3431,31.9293,36.8,36.8,0,1900.8,3.969,
RND_0154,Random_50M_150M,24,544,6,6,16,16,1856,23.4800,1095.00,42.59,2.4153,0.1323,0.3910,0.7074,0.2587,0.9443,19.5228,37.5,37.5,0,1900.8,3.965,
RND_0155,Random_50M_150M,19,608,2,1,32,48,2528,21.2900,1321.00,46.97,2.7771,0.2441,0.4139,0.7493,0.1698,1.1493,14.7342,37.5,37.1,0,1900.8,3.958,
RND_0156,Random_50M_150M,22,448,4,4,48,64,2176,8.8500,791.00,112.99,4.2938,0.1091,0.5590,0.7751,0.4499,2.4002,60.3685,36.4,37.1,0,1900.8,3.952,
RND_0157,Random_50M_150M,14,576,16,8,64,16,1632,27.9500,863.00,35.78,1.9721,0.1322,0.3130,0.6070,0.1808,0.6173,11.1400,37.8,37.1,0,1900.8,3.951,
RND_0158,Random_50M_150M,20,384,16,1,64,48,1568,29.7200,763.00,33.65,1.8061,0.1085,0.4014,0.7013,0.2929,0.7250,16.5329,38.1,36.8,0,1900.8,3.948,
RND_0159,Random_50M_150M,18,640,4,4,16,16,3200,6.1100,1208.00,163.67,6.2816,0.1055,0.5665,0.8744,0.4610,3.5589,90.4993,36.8,37.8,0,1900.8,3.933,
RND_0160,Random_50M_150M,15,640,4,2,16,16,1376,36.3800,651.00,27.49,1.5031,0.1258,0.2954,0.4222,0.1696,0.4440,7.9662,37.5,37.5,0,1900.8,3.931,
RND_0161,Random_50M_150M,25,416,16,1,16,16,2176,25.9200,1057.00,38.58,2.2530,0.1196,0.4901,0.7695,0.3704,1.1042,26.0814,36.4,37.5,0,1900.8,3.934,
RND_0162,Random_50M_150M,14,608,12,4,32,64,2272,24.0900,1030.00,41.51,2.3168,0.0979,0.3281,0.5867,0.2302,0.7601,16.6647,36.8,37.8,0,1900.8,3.925,
RND_0163,Random_50M_150M,24,480,16,16,32,16,2464,17.1900,1503.00,58.17,3.3064,0.1192,0.4930,0.8514,0.3737,1.6299,38.6157,37.5,38.1,0,1900.8,3.921,
RND_0164,Random_50M_150M,12,576,16,8,64,64,2176,9.2700,755.00,107.87,4.0991,0.1207,0.5247,0.8828,0.4039,2.1506,51.7421,37.1,37.8,0,1900.8,3.930,
RND_0165,Random_50M_150M,22,448,12,4,48,48,2432,8.0000,959.00,125.00,4.8340,0.1179,0.5536,0.7995,0.4356,2.6759,65.8056,36.8,37.5,0,1900.8,3.911,
RND_0166,Random_50M_150M,27,416,4,1,16,16,1984,27.3400,1004.00,36.58,2.1379,0.1109,0.4351,0.6107,0.3243,0.9303,21.6646,37.1,38.5,0,1900.8,3.912,
RND_0167,Random_50M_150M,19,512,4,2,16,48,1888,28.7800,863.00,34.75,1.9401,0.1208,0.3329,0.6203,0.2120,0.6458,12.8537,37.5,37.1,0,1900.8,3.919,
RND_0168,Random_50M_150M,25,384,4,4,64,32,2112,9.4600,748.00,105.71,4.0250,0.1200,0.5452,0.7422,0.4252,2.1942,53.4771,37.8,37.8,0,1900.8,3.901,
RND_0169,Random_50M_150M,11,544,12,12,16,16,2880,19.5600,1138.00,51.12,2.7229,0.2715,0.4942,0.6855,0.2227,1.3457,18.9523,36.8,39.2,0,1900.8,3.885,
RND_0170,Random_50M_150M,24,448,2,1,32,48,1472,19.7200,1044.00,50.71,2.6160,0.2725,0.5283,0.9559,0.2558,1.3820,20.9133,39.2,38.5,0,1900.8,3.886,
RND_0171,Random_50M_150M,17,448,12,3,64,64,1760,19.7300,1243.00,50.68,2.8142,0.2796,0.5349,0.8606,0.2554,1.5054,22.4583,38.1,38.5,0,1900.8,3.893,
RND_0172,Random_50M_150M,28,288,1,1,32,64,1536,21.6600,946.00,46.17,2.3772,0.2819,0.5866,0.9018,0.3047,1.3944,22.6351,39.8,38.8,0,1900.8,3.886,
RND_0173,Random_50M_150M,8,576,4,2,64,32,1568,29.2500,554.00,34.19,1.6138,0.2691,0.4038,0.6943,0.1348,0.6517,6.7975,39.2,39.2,0,1900.8,3.877,
RND_0174,Random_50M_150M,9,608,6,3,48,48,2336,23.6600,888.00,42.27,2.1982,0.2463,0.4390,0.8051,0.1927,0.9650,13.2397,39.2,39.5,0,1900.8,3.878,
RND_0175,Random_50M_150M,18,416,16,2,16,64,1536,21.8000,997.00,45.87,2.4190,0.2792,0.5312,0.7480,0.2519,1.2849,19.0452,39.2,40.5,0,1900.8,3.867,
RND_0176,Random_50M_150M,23,448,16,1,16,32,1440,19.8700,1261.00,50.33,2.8211,0.2169,0.5424,0.8513,0.3255,1.5302,28.6986,38.8,40.2,0,1900.8,3.870,
RND_0177,Random_50M_150M,26,512,1,1,32,48,2112,11.8900,2537.00,84.10,5.1442,0.2583,0.6118,0.9662,0.3535,3.1471,56.8280,39.8,40.2,0,1900.8,3.859,
RND_0178,Random_50M_150M,12,608,6,2,32,64,1792,21.5900,983.00,46.32,2.4188,0.2770,0.4644,0.7460,0.1874,1.1233,14.1627,39.8,39.8,0,1900.8,3.861,
RND_0179,Random_50M_150M,28,288,6,2,48,16,1504,19.9700,934.00,50.08,2.4863,0.3262,0.5791,0.8423,0.2529,1.4398,19.6479,39.5,39.8,0,1900.8,3.857,
RND_0180,Random_50M_150M,28,352,16,1,48,48,800,19.7300,927.00,50.68,2.4982,0.2440,0.5546,0.9967,0.3106,1.3855,24.2488,39.8,40.5,0,1900.8,3.850,
RND_0181,Random_50M_150M,10,512,12,12,48,16,1344,10.7200,497.00,93.28,3.3888,0.2874,0.5674,0.8633,0.2801,1.9229,29.6602,39.5,40.9,0,1900.8,3.840,
RND_0182,Random_50M_150M,9,640,16,2,48,64,3008,6.4800,1011.00,154.32,5.7950,0.2844,0.6016,0.8369,0.3172,3.4861,57.4421,39.2,40.9,0,1900.8,3.841,
RND_0183,Random_50M_150M,26,288,16,4,32,48,1440,17.9600,1035.00,55.68,2.7611,0.2360,0.6222,1.3316,0.3862,1.7180,33.3227,39.8,40.5,0,1900.8,3.842,
RND_0184,Random_50M_150M,19,544,1,1,64,32,1472,19.5300,1001.00,51.20,2.5883,0.2798,0.5033,0.6902,0.2235,1.3028,18.0770,39.5,40.5,0,1900.8,3.830,
RND_0185,Random_50M_150M,10,448,2,2,16,16,2240,28.4400,653.00,35.16,1.7430,0.2419,0.4142,0.7423,0.1723,0.7220,9.3839,39.2,39.8,0,1900.8,3.830,
RND_0186,Random_50M_150M,27,384,2,1,16,32,1600,7.7200,800.00,129.53,4.8155,0.2829,0.6265,0.8401,0.3436,3.0169,51.7134,39.5,41.2,0,1900.8,3.827,
RND_0187,Random_50M_150M,20,640,4,1,32,48,2048,5.1300,1257.00,194.93,7.2999,0.2781,0.6470,0.9683,0.3689,4.7227,84.1517,39.8,41.2,0,1900.8,3.824,
RND_0188,Random_50M_150M,28,384,12,12,48,64,704,7.0900,924.00,141.04,5.2964,0.2674,0.6455,0.8597,0.3781,3.4189,62.5778,39.8,40.5,0,1900.8,3.818,
RND_0189,Random_50M_150M,20,448,12,2,64,16,1248,20.8600,1042.00,47.94,2.5281,0.5002,0.6435,0.9425,0.1433,1.6269,11.3202,39.8,40.9,0,1900.8,3.814,
RND_0190,Random_50M_150M,26,352,2,2,48,48,1088,24.8800,773.00,40.19,2.0190,0.2500,0.5454,1.0284,0.2955,1.1012,18.6412,39.8,40.9,0,1900.8,3.809,
RND_0191,Random_50M_150M,16,544,2,2,64,16,2208,18.0400,1402.00,55.43,3.1204,0.2464,0.5549,0.8807,0.3085,1.7315,30.0806,39.8,40.9,0,1900.8,3.804,
RND_0192,Random_50M_150M,28,352,1,1,16,16,1248,21.4100,1178.00,46.71,2.6259,0.2278,0.5532,0.8632,0.3254,1.4526,26.7038,39.8,41.5,0,1900.8,3.801,
RND_0193,Random_50M_150M,13,608,12,4,32,64,1760,18.5400,1179.00,53.94,2.8511,0.2998,0.4999,0.8234,0.2001,1.4253,17.8291,39.8,41.2,0,1900.8,3.802,
RND_0194,Random_50M_150M,8,512,16,8,64,64,1216,10.4800,464.00,95.42,3.4220,0.3098,0.5912,0.9483,0.2814,2.0232,30.0944,39.8,40.5,0,1900.8,3.798,
RND_0195,Random_50M_150M,8,640,2,1,48,16,1952,27.1900,651.00,36.78,1.7911,0.2598,0.4266,0.6148,0.1668,0.7641,9.3348,39.8,39.8,0,1363.2,3.787,
RND_0196,Random_50M_150M,20,544,12,12,16,64,1440,15.4300,1407.00,64.81,3.4161,0.2595,0.5619,0.9526,0.3023,1.9194,32.2754,39.8,41.5,0,1900.8,3.785,
RND_0197,Random_50M_150M,7,512,6,6,32,64,2752,9.8200,519.00,101.83,3.6758,0.2663,0.5937,0.8667,0.3274,2.1824,37.6055,39.8,41.2,0,1900.8,3.776,
RND_0198,Random_50M_150M,13,480,16,4,48,16,1856,21.0500,1035.00,47.51,2.5077,0.2258,0.5778,1.2434,0.3521,1.4491,27.5904,39.8,41.2,0,1900.8,3.783,
RND_0199,Random_50M_150M,28,352,16,2,48,64,1440,15.8500,1600.00,63.09,3.5558,0.3088,0.6174,0.9265,0.3086,2.1953,34.2871,39.8,40.2,0,1900.8,3.776,
RND_0200,Random_50M_150M,26,416,2,1,64,48,2016,15.0500,1435.00,66.45,3.4948,0.3852,0.6192,0.9254,0.2340,2.1641,25.5574,39.8,41.2,0,1900.8,3.767,
RND_0201,Random_50M_150M,14,512,16,1,32,32,1088,10.1000,522.00,99.01,3.5913,0.2483,0.5873,0.8065,0.3390,2.1092,38.0452,39.8,40.2,0,1900.8,3.773,
RND_0202,Random_50M_150M,14,608,6,3,48,48,2848,13.3100,1619.00,75.13,3.9481,0.2353,0.5542,0.9621,0.3189,2.1879,39.3419,39.8,41.9,0,1900.8,3.763,
RND_0203,Random_50M_150M,16,512,16,2,48,64,1792,6.5800,1024.00,151.98,5.7352,0.2997,0.6397,0.8424,0.3400,3.6686,60.9287,39.8,40.5,0,1900.8,3.752,
RND_0204,Random_50M_150M,18,576,2,1,32,48,3104,11.8500,2047.00,84.39,4.6630,0.2805,0.5887,0.8143,0.3082,2.7451,44.9091,39.8,42.2,0,1900.8,3.758,
RND_0205,Random_50M_150M,12,640,12,6,64,48,960,8.3400,655.00,119.90,4.3720,0.2998,0.5651,0.7918,0.2653,2.4706,36.2437,37.1,37.8,0,1900.8,4.316,
RND_0206,Random_50M_150M,28,512,12,3,32,16,1760,13.2900,2001.00,75.24,4.3336,0.3087,0.5941,0.8569,0.2854,2.5746,38.6567,37.5,38.5,0,1900.8,4.307,
RND_0207,Random_50M_150M,8,640,6,3,48,32,2848,20.6700,931.00,48.38,2.4308,0.2838,0.4945,0.7481,0.2106,1.2019,16.0007,38.1,38.8,0,1900.8,4.309,
RND_0208,Random_50M_150M,22,544,8,8,48,32,2432,12.1300,2088.00,82.44,4.6436,0.4735,0.6259,0.9642,0.1524,2.9066,22.1143,37.8,39.8,0,1900.8,4.296,
RND_0209,Random_50M_150M,8,608,16,4,32,64,1024,27.9800,657.00,35.74,1.7649,0.2828,0.4461,0.6047,0.1633,0.7873,9.0041,38.8,39.2,0,1900.8,4.289,
RND_0210,Random_50M_150M,28,416,12,4,48,48,1696,13.5800,1631.00,73.64,3.9138,0.2649,0.6079,0.8962,0.3431,2.3794,41.9596,38.8,39.2,0,1900.8,4.291,
RND_0211,Random_50M_150M,13,576,6,3,48,32,1984,7.5500,820.00,132.45,4.9260,0.2914,0.6262,0.9850,0.3348,3.0847,51.5356,39.8,39.5,0,1900.8,4.282,
RND_0212,Random_50M_150M,23,384,16,16,16,48,480,23.1700,757.00,43.16,2.0949,0.2745,0.5417,0.8472,0.2672,1.1348,17.4913,39.8,39.8,0,1900.8,4.283,
RND_0213,Random_50M_150M,22,544,8,8,64,16,1248,16.2700,1341.00,61.46,3.2463,0.2349,0.5652,0.9697,0.3303,1.8348,33.5035,39.8,40.5,0,1900.8,4.275,
RND_0214,Random_50M_150M,21,448,16,1,48,64,1728,5.9400,1143.00,168.35,6.3619,0.2680,0.6522,0.8605,0.3841,4.1491,76.3704,39.5,39.8,0,1900.8,4.269,
RND_0215,Random_50M_150M,11,544,4,2,16,48,1312,30.3900,616.00,32.91,1.6361,0.3087,0.4402,0.6521,0.1315,0.7202,6.7245,39.5,39.8,0,1900.8,4.264,
RND_0216,Random_50M_150M,23,544,2,1,64,64,1568,17.1700,1297.00,58.24,3.1025,0.2558,0.5306,0.8308,0.2747,1.6460,26.6355,39.5,40.9,0,1900.8,4.260,
RND_0217,Random_50M_150M,7,640,4,2,64,32,1440,32.0600,483.00,31.19,1.4499,0.2639,0.4251,0.6369,0.1612,0.6164,7.3058,39.8,40.5,0,1900.8,4.258,
RND_0218,Random_50M_150M,15,544,1,1,32,64,1088,29.5200,612.00,33.88,1.6621,0.2743,0.4404,0.6325,0.1661,0.7320,8.6263,39.5,39.5,0,1900.8,4.249,
RND_0219,Random_50M_150M,8,608,1,1,64,32,2208,23.7900,688.00,42.03,1.9911,0.2909,0.4352,0.6449,0.1444,0.8666,8.9823,39.5,41.2,0,1900.8,4.246,
RND_0220,Random_50M_150M,7,640,6,6,16,48,2848,23.0500,832.00,43.38,2.1769,0.3003,0.4472,0.6862,0.1469,0.9735,9.9921,39.8,40.2,0,1900.8,4.240,
RND_0221,Random_50M_150M,24,384,12,1,64,64,1632,16.8000,1389.00,59.52,3.2342,0.5076,0.6047,0.9952,0.0971,1.9557,9.8150,39.8,41.5,0,1900.8,4.227,
RND_0222,Random_50M_150M,17,576,6,3,64,32,2784,13.7300,1829.00,72.83,4.0868,0.2798,0.6167,1.0949,0.3369,2.5204,43.0306,39.8,41.9,0,1900.8,4.219,
RND_0223,Random_50M_150M,14,480,1,1,32,48,2432,17.0100,1804.00,58.79,3.6265,0.2682,0.5585,0.8021,0.2903,2.0253,32.8999,39.8,41.9,0,1900.8,4.210,
RND_0224,Random_50M_150M,28,544,12,1,64,16,1504,13.2800,1849.00,75.30,4.1833,0.2774,0.5830,0.9280,0.3056,2.4388,39.9449,39.8,41.2,0,1900.8,4.204,
RND_0225,Random_50M_150M,6,640,1,1,32,64,3424,24.5800,794.00,40.68,2.0552,0.3044,0.4409,0.7250,0.1365,0.9061,8.7668,39.8,40.5,0,1900.8,4.189,
RND_0226,Random_50M_150M,23,448,8,8,48,16,2272,14.4500,1664.00,69.20,3.8093,0.3204,0.5940,1.0166,0.2736,2.2628,32.5730,39.5,40.5,0,1900.8,4.181,
RND_0227,Random_50M_150M,24,320,16,1,48,64,992,20.4500,929.00,48.90,2.4449,0.2770,0.5727,0.7999,0.2957,1.4001,22.5924,39.8,41.2,0,1900.8,4.166,
RND_0228,Random_50M_150M,23,416,6,3,64,16,1536,19.5200,1124.00,51.23,2.7121,0.3328,0.5552,0.7757,0.2224,1.5058,18.8471,39.8,40.9,0,1900.8,4.160,
RND_0229,Random_50M_150M,27,544,6,3,48,16,1920,12.5700,1944.00,79.55,4.4102,0.2716,0.5821,0.8717,0.3105,2.5673,42.7911,39.8,41.5,0,1900.8,4.151,
RND_0230,Random_50M_150M,25,320,8,4,16,64,1664,8.0200,974.00,124.69,4.8393,0.2571,0.6434,0.8535,0.3863,3.1134,58.4148,39.8,41.5,0,1900.8,4.139,
RND_0231,Random_50M_150M,12,576,12,1,16,16,3136,6.3900,1048.00,156.49,5.8993,0.3106,0.6330,1.4434,0.3224,3.7344,59.4307,39.8,40.5,0,1900.8,4.125,
RND_0232,Random_50M_150M,24,448,16,2,48,16,2272,13.6600,1736.00,73.21,4.0054,0.3010,0.6388,0.9639,0.3377,2.5585,42.2727,39.8,40.9,0,1900.8,4.112,
RND_0233,Random_50M_150M,25,608,6,6,64,32,2112,10.8400,2350.00,92.25,5.2098,0.2661,0.6093,0.9760,0.3433,3.1745,55.8850,39.8,41.5,0,1900.8,4.094,
RND_0234,Random_50M_150M,18,352,1,1,32,16,1888,22.6600,1121.00,44.13,2.4890,0.3068,0.5608,0.7431,0.2540,1.3960,19.7590,39.8,41.2,0,1900.8,4.085,
RND_0235,Random_50M_150M,17,640,8,4,16,64,2848,13.0000,2074.00,76.92,4.4586,0.2461,0.5796,1.0805,0.3335,2.5843,46.4665,39.8,40.9,0,1900.8,4.077,
RND_0236,Random_50M_150M,6,576,16,4,32,32,1792,11.8100,382.00,84.67,3.0069,0.2920,0.5287,0.7859,0.2367,1.5898,22.2391,39.8,41.5,0,1900.8,4.073,
RND_0237,Random_50M_150M,22,448,4,2,64,16,1888,17.5100,1268.00,57.11,3.0384,0.5064,0.5714,0.9283,0.0650,1.7362,6.1755,39.8,40.9,0,1900.8,4.062,
RND_0238,Random_50M_150M,18,608,16,16,32,64,2368,10.4200,2262.00,95.97,5.2370,0.2382,0.6123,0.9114,0.3740,3.2064,61.2116,39.8,41.5,0,1900.8,4.047,
RND_0239,Random_50M_150M,17,576,12,2,32,64,1920,5.7700,1120.00,173.31,6.4926,0.2563,0.6223,0.8611,0.3660,4.0401,74.2537,39.8,41.5,0,1900.8,4.042,
RND_0240,Random_50M_150M,12,576,16,2,64,16,1152,9.5100,610.00,105.15,3.8697,0.2964,0.5911,0.8396,0.2948,2.2876,35.6472,39.8,41.5,0,1900.8,4.039,
RND_0241,Random_50M_150M,28,640,1,1,64,32,1920,11.5100,2170.00,86.88,4.8633,0.3206,0.6064,0.9361,0.2858,2.9490,43.4399,39.8,41.2,0,1900.8,4.027,
RND_0242,Random_50M_150M,15,576,16,16,64,48,3136,4.1600,1767.00,240.38,9.2189,0.2882,0.6632,0.8431,0.3750,6.1138,108.0368,39.5,40.9,0,1900.8,4.013,
RND_0243,Random_50M_150M,15,608,16,1,64,48,1312,19.0900,1195.00,52.38,2.8189,0.2481,0.5003,0.9132,0.2522,1.4103,22.2130,39.8,41.5,0,1900.8,4.004,
RND_0244,Random_50M_150M,22,544,8,8,16,16,1568,17.2800,1333.00,57.87,3.1270,0.2857,0.5218,0.9017,0.2361,1.6316,23.0733,39.8,41.2,0,1900.8,3.988,
RND_0245,Random_50M_150M,20,640,2,2,48,48,2144,14.3500,1768.00,69.69,3.9283,0.2690,0.5342,0.8962,0.2652,2.0985,32.5596,39.8,40.9,0,1900.8,3.974,
RND_0246,Random_50M_150M,28,384,6,6,48,32,768,8.3200,638.00,120.19,4.3640,0.2235,0.6284,0.9316,0.4049,2.7424,55.2146,39.8,40.9,0,1900.8,3.976,
RND_0247,Random_50M_150M,15,544,8,4,64,32,2656,16.1200,1632.00,62.03,3.5551,0.2443,0.5546,0.8037,0.3102,1.9715,34.4641,39.8,40.5,0,1900.8,3.968,
RND_0248,Random_50M_150M,25,544,8,4,16,48,2528,11.5900,2354.00,86.28,5.0287,0.2863,0.6130,1.0511,0.3267,3.0826,51.3342,39.8,40.9,0,1900.8,3.951,
RND_0249,Random_50M_150M,18,544,1,1,16,32,2400,14.0500,1371.00,71.17,3.5774,0.3140,0.5789,1.0069,0.2650,2.0711,29.6199,38.8,41.2,0,1900.8,3.948,
RND_0250,Random_50M_150M,9,576,12,12,32,16,2432,8.0600,841.00,124.07,4.6872,0.3174,0.6183,0.8526,0.3008,2.8979,44.0635,39.8,40.9,0,1900.8,3.941,
RND_0251,Random_50M_150M,24,576,4,1,16,32,1536,6.2400,1220.00,160.26,6.1879,0.2729,0.6307,0.8841,0.3578,3.9029,69.1944,39.5,40.9,0,1900.8,3.927,
RND_0252,Random_50M_150M,23,608,8,4,48,64,1504,12.6800,1712.00,78.86,4.1568,0.2556,0.5746,0.8241,0.3189,2.3883,41.4298,39.5,41.2,0,1900.8,3.921,
RND_0253,Random_50M_150M,21,352,4,4,48,32,1344,22.0800,783.00,45.29,2.1870,0.2857,0.5492,0.9430,0.2634,1.2010,18.0043,39.8,41.5,0,1900.8,3.910,
RND_0254,Random_50M_150M,12,544,8,2,32,48,2112,19.8300,989.00,50.43,2.5523,0.3004,0.5118,0.8032,0.2115,1.3063,16.8658,39.8,41.2,0,1900.8,3.909,
RND_0255,Random_50M_150M,18,544,1,1,48,48,768,25.3100,816.00,39.51,2.0408,0.2806,0.4489,0.6539,0.1683,0.9161,10.7309,39.8,40.9,0,1900.8,3.903,
RND_0256,Random_50M_150M,10,640,12,12,16,32,1952,20.0100,931.00,49.98,2.4802,0.2403,0.4679,0.7400,0.2277,1.1606,17.6464,39.8,40.5,0,1900.8,3.896,
RND_0257,Random_50M_150M,25,576,6,3,16,32,992,20.6000,1071.00,48.54,2.5759,0.2886,0.4794,0.7596,0.1908,1.2348,15.3582,39.8,41.2,0,1900.8,3.883,
RND_0258,Random_50M_150M,24,416,8,2,48,48,1408,19.9400,1184.00,50.15,2.7387,0.2267,0.5527,0.7601,0.3261,1.5138,27.9063,39.8,40.5,0,1900.8,3.883,
RND_0259,Random_50M_150M,16,544,16,8,16,16,1568,20.8300,1021.00,48.01,2.5092,0.2569,0.4957,0.7313,0.2388,1.2439,18.7286,39.5,41.2,0,1900.8,3.879,
RND_0260,Random_50M_150M,24,384,16,2,16,16,1728,7.6000,863.00,131.58,4.9419,0.2548,0.6414,0.8382,0.3866,3.1698,59.7083,39.8,41.2,0,1900.8,3.854,
RND_0261,Random_50M_150M,28,576,1,1,64,16,2176,9.7700,3120.00,102.35,6.2930,0.3026,0.6049,0.9189,0.3023,3.8065,59.4462,39.8,40.2,0,1900.8,3.865,
RND_0262,Random_50M_150M,27,352,12,1,48,32,1760,17.1600,1323.00,58.28,3.1295,0.2646,0.5965,0.9608,0.3319,1.8668,32.4599,39.5,41.2,0,1900.8,3.854,
RND_0263,Random_50M_150M,27,480,8,2,48,32,1152,16.3200,1237.00,61.27,3.1365,0.2502,0.5604,0.8463,0.3103,1.7578,30.4108,39.8,41.5,0,1900.8,3.850,
RND_0264,Random_50M_150M,26,512,4,2,64,16,704,9.4600,618.00,105.71,3.8950,0.2607,0.5863,0.8566,0.3256,2.2837,39.6355,39.8,40.9,0,1900.8,3.845,
RND_0265,Random_50M_150M,11,448,16,8,32,48,1280,11.2600,470.00,88.81,3.2231,0.2778,0.5877,0.8535,0.3099,1.8943,31.2178,39.8,40.5,0,1900.8,3.845,
RND_0266,Random_50M_150M,13,640,8,8,48,32,3360,14.1300,1933.00,70.77,4.1269,0.2406,0.5700,0.9249,0.3293,2.3523,42.4731,39.8,41.5,0,1900.8,3.830,
RND_0267,Random_50M_150M,4,608,16,8,64,16,3136,28.7800,563.00,34.75,1.6401,0.2490,0.4276,0.5707,0.1786,0.7013,9.1533,39.8,41.2,0,1900.8,3.818,
RND_0268,Random_50M_150M,24,576,4,4,64,16,1696,14.0100,1633.00,71.38,3.8457,0.2793,0.5590,0.9115,0.2797,2.1499,33.6183,39.8,41.2,0,1900.8,3.824,
RND_0269,Random_50M_150M,18,640,4,2,48,64,2112,5.3100,1221.00,188.32,7.0590,0.2250,0.6252,0.8739,0.4002,4.4133,88.2812,39.5,41.5,0,1900.8,3.813,
RND_0270,Random_50M_150M,26,608,16,1,48,48,1664,11.0000,2251.00,90.91,5.0692,0.2638,0.6075,1.0378,0.3437,3.0795,54.4501,39.8,41.2,0,1900.8,3.811,
RND_0271,Random_50M_150M,15,448,8,4,48,32,2208,20.5400,1075.00,48.69,2.5843,0.2581,0.5471,0.9304,0.2890,1.4138,23.3430,39.8,41.5,0,1900.8,3.807,
RND_0272,Random_50M_150M,25,352,4,2,64,16,1440,23.0500,922.00,43.38,2.2669,0.2742,0.5599,0.7521,0.2857,1.2691,20.2379,39.8,41.2,0,1900.8,3.798,
RND_0273,Random_50M_150M,27,512,4,4,48,32,1920,4.9200,1366.00,203.25,7.6668,0.2731,0.6451,0.9644,0.3720,4.9456,89.1192,39.8,41.2,0,1900.8,3.797,
RND_0274,Random_50M_150M,25,640,8,1,16,64,1920,4.3100,1653.00,232.02,8.8456,0.2976,0.6452,1.0337,0.3477,5.7072,96.0996,39.8,41.5,0,1900.8,3.792,
RND_0275,Random_50M_150M,8,640,2,1,48,32,2464,23.0500,819.00,43.38,2.1639,0.3404,0.4259,0.6019,0.0856,0.9217,5.7853,39.8,40.5,0,1900.8,3.788,
RND_0276,Random_50M_150M,18,640,2,1,32,48,2080,15.4500,1496.00,64.72,3.5025,0.2604,0.5161,0.7565,0.2558,1.8077,27.9940,39.8,40.5,0,1900.8,3.783,
RND_0277,Random_50M_150M,8,576,16,4,64,16,2432,8.6000,673.00,116.28,4.2777,0.2576,0.5774,0.8763,0.3197,2.4697,42.7404,39.8,39.8,0,1900.8,3.776,
RND_0278,Random_50M_150M,8,576,16,2,48,16,2720,23.3800,871.00,42.77,2.1969,0.2819,0.4719,0.7916,0.1900,1.0368,13.0437,39.5,41.5,0,1900.8,3.766,
RND_0279,Random_50M_150M,6,640,6,2,32,32,1888,23.9800,529.00,41.70,1.8217,0.2536,0.4264,0.5471,0.1728,0.7767,9.8368,39.8,40.5,0,1900.8,3.768,
RND_0280,Random_50M_150M,8,512,16,4,32,48,2528,25.0600,890.00,39.90,2.1270,0.2850,0.4701,0.6823,0.1851,0.9999,12.3042,39.8,40.2,0,1900.8,3.768,
RND_0281,Random_50M_150M,16,512,1,1,32,64,1120,44.2200,406.00,22.61,1.1070,0.0953,0.2404,0.3879,0.1451,0.2661,5.0194,29.6,30.0,0,1900.8,4.417,
RND_0282,Random_50M_150M,28,480,1,1,16,16,1632,23.2900,1392.00,42.94,2.7230,0.0829,0.3931,0.5902,0.3101,1.0704,26.3914,30.3,31.0,0,1900.8,4.440,
RND_0283,Random_50M_150M,25,416,2,1,48,64,2144,26.5200,1017.00,37.71,2.1859,0.0758,0.3882,0.5683,0.3124,0.8486,21.3401,31.7,31.7,0,1900.8,4.438,
RND_0284,Random_50M_150M,22,448,2,2,48,32,1952,28.8900,886.00,34.61,1.9590,0.0866,0.3303,0.6538,0.2436,0.6470,14.9154,31.0,32.3,0,1900.8,4.431,
RND_0285,Random_50M_150M,17,416,6,6,16,32,1504,33.0800,513.00,30.23,1.4501,0.0819,0.3125,0.5728,0.2305,0.4531,10.4468,31.3,31.7,0,1900.8,4.431,
RND_0286,Random_50M_150M,21,384,6,6,64,48,1728,32.4300,707.00,30.84,1.6629,0.0922,0.3181,0.6662,0.2259,0.5291,11.7414,32.7,33.0,0,1900.8,4.399,
RND_0287,Random_50M_150M,17,384,12,3,32,32,1600,15.1500,405.00,66.01,2.4512,0.0696,0.4490,0.7667,0.3793,1.1005,29.0561,32.0,32.0,0,1900.8,4.424,
RND_0288,Random_50M_150M,15,608,2,2,48,16,928,47.7700,423.00,20.93,1.0719,0.0821,0.2779,0.4979,0.1958,0.2979,6.5606,32.0,33.4,0,1900.8,4.423,
RND_0289,Random_50M_150M,20,448,16,8,48,16,704,15.7400,375.00,63.53,2.3445,0.1153,0.3956,0.6685,0.2803,0.9275,20.5387,33.0,33.0,0,1900.8,4.419,
RND_0290,Random_50M_150M,26,544,1,1,48,48,1440,22.1700,1300.00,45.11,2.6983,0.0909,0.3514,0.6788,0.2605,0.9482,21.9674,32.7,33.4,0,1900.8,4.411,
RND_0291,Random_50M_150M,15,576,6,6,16,16,2912,22.4300,1060.00,44.58,2.4421,0.0654,0.3600,0.6668,0.2946,0.8792,22.4828,32.7,34.0,0,1900.8,4.405,
RND_0292,Random_50M_150M,14,480,8,4,32,32,2144,33.8400,660.00,29.55,1.5761,0.0771,0.2666,0.3612,0.1895,0.4202,9.3314,34.7,34.0,0,1900.8,4.404,
RND_0293,Random_50M_150M,5,576,1,1,48,16,3040,42.9400,599.00,23.29,1.3209,0.0705,0.2893,0.4804,0.2188,0.3822,9.0337,33.4,34.0,0,1900.8,4.407,
RND_0294,Random_50M_150M,7,640,8,1,32,32,2432,14.1700,428.00,70.57,2.6157,0.0721,0.3432,0.6546,0.2711,0.8978,22.1626,34.0,33.7,0,1900.8,4.401,
RND_0295,Random_50M_150M,26,480,16,1,32,48,1856,22.3200,1241.00,44.80,2.6299,0.0556,0.3886,0.6994,0.3330,1.0220,27.3677,34.4,34.0,0,1900.8,4.409,
RND_0296,Random_50M_150M,15,608,8,8,16,32,1952,30.5400,894.00,32.74,1.9091,0.0803,0.2830,0.5187,0.2027,0.5403,12.0921,35.4,34.7,0,1900.8,4.396,
RND_0297,Random_50M_150M,24,544,1,1,16,48,2144,18.8800,1795.00,52.97,3.4369,0.1131,0.4067,0.6839,0.2936,1.3977,31.5330,33.7,34.0,0,1900.8,4.394,
RND_0298,Random_50M_150M,15,544,12,4,32,64,832,41.4400,470.00,24.13,1.2181,0.0730,0.2700,0.4071,0.1970,0.3289,7.4985,34.0,34.0,0,1900.8,4.397,
RND_0299,Random_50M_150M,7,640,6,2,48,16,3264,33.3700,668.00,29.97,1.5970,0.0765,0.2518,0.3610,0.1753,0.4021,8.7487,34.0,34.4,0,1900.8,4.390,
RND_0300,Random_50M_150M,17,512,12,4,16,64,2048,10.1300,735.00,98.72,3.7952,0.0848,0.4890,0.6937,0.4042,1.8557,47.9364,34.7,35.1,0,1900.8,4.387,
RND_0301,Random_50M_150M,16,640,16,8,48,48,2400,20.5300,1453.00,48.71,2.9630,0.0881,0.3548,0.7371,0.2667,1.0513,24.6924,36.1,34.7,0,1900.8,4.382,
RND_0302,Random_50M_150M,20,448,2,2,64,48,2208,28.7300,875.00,34.81,1.9540,0.0589,0.3744,0.7356,0.3155,0.7315,19.2655,35.1,34.7,0,1900.8,4.386,
RND_0303,Random_50M_150M,14,640,16,1,48,16,1472,11.6400,604.00,85.91,3.2672,0.0749,0.4135,0.7367,0.3385,1.3509,34.5644,35.4,34.7,0,1900.8,4.387,
RND_0304,Random_50M_150M,6,576,1,1,64,48,2784,40.7900,656.00,24.52,1.4160,0.0784,0.2410,0.3653,0.1626,0.3412,7.1941,34.4,34.7,0,1900.8,4.386,
RND_0305,Random_50M_150M,16,352,12,6,64,48,1824,33.3700,632.00,29.97,1.5610,0.0545,0.3415,0.6688,0.2870,0.5331,14.0007,34.4,35.7,0,1900.8,4.376,
RND_0306,Random_50M_150M,25,512,4,2,16,48,1952,25.9400,1137.00,38.55,2.3321,0.0821,0.3740,0.6199,0.2919,0.8721,21.2730,34.7,35.1,0,1900.8,4.373,
RND_0307,Random_50M_150M,27,384,4,2,16,48,2080,27.7500,994.00,36.04,2.1111,0.0793,0.3553,0.5803,0.2760,0.7501,18.2063,34.7,34.7,0,1900.8,4.372,
RND_0308,Random_50M_150M,10,608,6,1,16,16,1888,44.4800,539.00,22.48,1.2359,0.0769,0.2746,0.5010,0.1977,0.3394,7.6354,35.1,35.7,0,1900.8,4.370,
RND_0309,Random_50M_150M,16,512,1,1,64,16,1984,28.1800,1044.00,35.49,2.1441,0.0878,0.4173,0.6966,0.3296,0.8948,22.0814,34.4,35.4,0,1900.8,4.368,
RND_0310,Random_50M_150M,15,416,2,2,16,16,2016,42.0100,516.00,23.80,1.2539,0.0917,0.2754,0.3538,0.1837,0.3454,7.1992,36.1,35.7,0,1900.8,4.360,
RND_0311,Random_50M_150M,17,576,4,1,32,16,1344,13.0900,477.00,76.39,2.8452,0.1094,0.4394,1.1594,0.3300,1.2501,29.3422,35.1,35.7,0,1900.8,4.366,
RND_0312,Random_50M_150M,9,608,12,6,64,64,2048,34.6800,696.00,28.84,1.5899,0.0714,0.3156,0.5118,0.2442,0.5017,12.1324,35.4,35.1,0,1900.8,4.364,
RND_0313,Random_50M_150M,24,576,2,1,16,48,1248,31.8600,767.00,31.39,1.7400,0.1009,0.3176,0.5366,0.2167,0.5527,11.7826,35.1,35.4,0,1900.8,4.355,
RND_0314,Random_50M_150M,21,608,4,4,64,16,2304,21.3900,1309.00,46.75,2.7583,0.0907,0.4016,0.7225,0.3109,1.1077,26.7992,35.1,36.4,0,1900.8,4.354,
RND_0315,Random_50M_150M,17,448,8,8,48,48,1408,13.0800,462.00,76.45,2.8320,0.0768,0.4400,0.7984,0.3632,1.2462,32.1443,35.1,35.4,0,1900.8,4.353,
RND_0316,Random_50M_150M,15,576,8,1,16,64,2080,30.1900,855.00,33.12,1.8818,0.0874,0.3451,0.5960,0.2578,0.6495,15.1599,35.1,35.4,0,1900.8,4.339,
RND_0317,Random_50M_150M,23,384,16,8,16,32,1760,29.9200,784.00,33.42,1.8201,0.0820,0.3356,0.6417,0.2536,0.6108,14.4233,35.4,35.4,0,1900.8,4.344,
RND_0318,Random_50M_150M,9,608,12,6,48,48,2560,32.9800,863.00,30.32,1.8030,0.0493,0.2926,0.4161,0.2434,0.5276,13.7119,35.7,35.4,0,1900.8,4.341,
RND_0319,Random_50M_150M,16,640,4,1,64,16,1344,12.1400,532.00,82.37,3.0855,0.0769,0.4138,0.6858,0.3369,1.2768,32.4895,35.1,36.1,0,1900.8,4.334,
RND_0320,Random_50M_150M,27,512,12,2,64,48,1952,19.5500,1436.00,51.15,3.0217,0.1032,0.4454,0.7438,0.3422,1.3459,32.3131,35.7,35.4,0,1900.8,4.335,
RND_0321,Random_50M_150M,13,608,12,4,64,64,1888,29.4700,885.00,33.93,1.9369,0.0786,0.3540,0.7737,0.2753,0.6856,16.6665,35.4,35.7,0,1900.8,4.340,
RND_0322,Random_50M_150M,23,288,16,2,16,48,1568,34.5600,611.00,28.94,1.5080,0.0947,0.3704,0.5953,0.2757,0.5585,12.9912,36.1,36.4,0,1900.8,4.329,
RND_0323,Random_50M_150M,14,640,2,2,16,16,2432,28.1100,924.00,35.57,2.0268,0.0888,0.2656,0.4050,0.1768,0.5382,11.1964,34.7,35.4,0,1900.8,4.323,
RND_0324,Random_50M_150M,24,544,6,6,32,16,896,34.6400,611.00,28.87,1.5059,0.0779,0.2775,0.4722,0.1995,0.4178,9.3894,35.1,36.4,0,1900.8,4.320,
RND_0325,Random_50M_150M,20,512,1,1,32,48,2080,22.6300,1392.00,44.19,2.7619,0.0736,0.3873,0.6810,0.3137,1.0697,27.0728,35.4,35.7,0,1900.8,4.321,
RND_0326,Random_50M_150M,8,608,8,1,64,16,1408,51.5000,359.00,19.42,0.9609,0.0597,0.2969,0.4372,0.2372,0.2853,7.1221,36.4,35.7,0,1900.8,4.322,
RND_0327,Random_50M_150M,22,480,1,1,16,48,2496,19.9900,1614.00,50.03,3.1648,0.1007,0.4609,0.6680,0.3602,1.4586,35.6230,35.4,36.4,0,1900.8,4.313,
RND_0328,Random_50M_150M,12,576,6,3,64,64,1184,41.7800,521.00,23.93,1.2630,0.0861,0.2818,0.3126,0.1957,0.3559,7.7234,35.4,36.1,0,1900.8,4.321,
RND_0329,Random_50M_150M,14,544,4,2,16,32,1024,48.0600,380.00,20.81,1.0250,0.0762,0.2861,0.4492,0.2099,0.2932,6.7227,35.7,36.4,0,1900.8,4.310,
RND_0330,Random_50M_150M,15,640,8,4,64,48,3296,19.6100,1494.00,50.99,3.0748,0.0499,0.3952,0.8568,0.3454,1.2153,33.1858,36.1,36.4,0,1900.8,4.303,
RND_0331,Random_50M_150M,24,448,4,1,48,16,2272,24.6000,1018.00,40.65,2.2782,0.0738,0.3832,0.5778,0.3093,0.8729,22.0233,35.7,36.1,0,1900.8,4.296,
RND_0332,Random_50M_150M,12,640,1,1,32,32,2112,33.2300,710.00,30.09,1.6429,0.0822,0.2729,0.8091,0.1907,0.4484,9.7917,35.4,36.4,0,1900.8,4.296,
RND_0333,Random_50M_150M,28,288,16,2,64,32,928,36.2100,620.00,27.62,1.4761,0.0879,0.3417,0.5995,0.2538,0.5044,11.7070,35.7,35.4,0,1900.8,4.293,
RND_0334,Random_50M_150M,13,544,6,6,16,64,2592,29.2700,879.00,34.16,1.9381,0.0818,0.2911,0.5878,0.2093,0.5641,12.6742,35.4,35.4,0,1900.8,4.291,
RND_0335,Random_50M_150M,22,608,1,1,64,64,2496,20.4400,1368.00,48.92,2.8846,0.0539,0.3862,0.7140,0.3323,1.1140,29.9558,36.8,36.1,0,1900.8,4.285,
RND_0336,Random_50M_150M,24,544,16,1,64,48,2016,17.8900,1498.00,55.90,3.2308,0.0871,0.4121,0.7258,0.3250,1.3316,32.8147,36.4,36.1,0,1900.8,4.285,
RND_0337,Random_50M_150M,15,512,2,2,32,48,1696,40.1000,573.00,24.94,1.3461,0.0931,0.2825,0.4335,0.1894,0.3802,7.9674,35.7,36.4,0,1900.8,4.276,
RND_0338,Random_50M_150M,12,416,8,4,64,64,1824,39.7900,540.00,25.13,1.3191,0.0612,0.2566,0.3639,0.1954,0.3385,8.0554,35.4,35.7,0,1900.8,4.282,
RND_0339,Random_50M_150M,18,352,16,8,16,64,1888,32.4600,749.00,30.81,1.7040,0.0691,0.3533,0.7024,0.2842,0.6021,15.1325,35.7,35.7,0,1900.8,4.272,
RND_0340,Random_50M_150M,22,480,1,1,64,16,1216,30.5700,882.00,32.71,1.8961,0.0806,0.2962,0.5967,0.2156,0.5617,12.7759,35.7,36.4,0,1900.8,4.277,
RND_0341,Random_50M_150M,12,608,12,12,64,16,3232,22.2200,1246.00,45.00,2.6411,0.0811,0.3775,0.7037,0.2964,0.9971,24.4662,35.7,36.1,0,1900.8,4.261,
RND_0342,Random_50M_150M,27,288,16,16,48,48,1536,26.0700,946.00,38.36,2.1351,0.0781,0.4696,0.8856,0.3915,1.0026,26.1188,35.7,36.8,0,1900.8,4.260,
RND_0343,Random_50M_150M,28,608,1,1,16,16,1504,16.9600,1730.00,58.96,3.5578,0.0856,0.4128,0.6852,0.3272,1.4687,36.3829,35.7,36.4,0,1900.8,4.253,
RND_0344,Random_50M_150M,28,608,16,4,16,16,1408,21.4800,1150.00,46.55,2.5932,0.0542,0.3176,0.5606,0.2634,0.8236,21.3469,36.1,36.4,0,1900.8,4.251,
RND_0345,Random_50M_150M,25,416,8,1,16,16,1216,38.9400,563.00,25.68,1.3591,0.0937,0.2992,0.5194,0.2055,0.4067,8.7295,36.4,35.7,0,1900.8,4.252,
RND_0346,Random_50M_150M,7,640,4,2,64,32,2720,40.6800,576.00,24.58,1.3380,0.0752,0.2596,0.8616,0.1844,0.3474,7.7110,35.4,36.4,0,1900.8,4.243,
RND_0347,Random_50M_150M,14,448,4,4,16,16,2272,38.3200,567.00,26.10,1.3760,0.0577,0.2748,0.4184,0.2171,0.3781,9.3339,35.7,35.7,0,1900.8,4.240,
RND_0348,Random_50M_150M,8,608,8,2,64,48,2176,41.5000,547.00,24.10,1.2940,0.0828,0.2684,0.4040,0.1856,0.3474,7.5054,35.7,36.8,0,1900.8,4.239,
RND_0349,Random_50M_150M,17,576,16,1,16,16,1728,10.7000,627.00,93.46,3.5242,0.0846,0.4338,0.7917,0.3493,1.5290,38.4674,36.4,36.1,0,1900.8,4.233,
RND_0350,Random_50M_150M,23,576,2,1,16,64,1024,12.3100,509.00,81.23,3.0273,0.0946,0.4238,0.6896,0.3292,1.2830,31.1437,35.7,36.1,0,1900.8,4.226,
RND_0351,Random_50M_150M,25,480,4,4,64,32,1920,24.1100,1144.00,41.48,2.4298,0.0521,0.3901,0.5961,0.3380,0.9477,25.6621,36.1,35.7,0,1900.8,4.230,
RND_0352,Random_50M_150M,14,416,8,4,32,48,1696,42.0600,484.00,23.78,1.2210,0.0544,0.3182,0.8855,0.2638,0.3885,10.0676,35.4,35.7,0,1900.8,4.221,
RND_0353,Random_50M_150M,8,576,12,6,64,48,2880,11.1600,541.00,89.61,3.3188,0.1096,0.4539,1.0881,0.3442,1.5064,35.7021,36.4,36.4,0,1900.8,4.219,
RND_0354,Random_50M_150M,15,512,6,3,32,32,1504,41.5500,600.00,24.07,1.3461,0.0814,0.2770,0.3933,0.1956,0.3729,8.2283,35.7,35.7,0,1900.8,4.217,
RND_0355,Random_50M_150M,19,416,6,6,48,32,1184,40.2600,500.00,24.84,1.2700,0.0809,0.3329,0.5924,0.2521,0.4228,10.0043,35.7,35.7,0,1900.8,4.221,
RND_0356,Random_50M_150M,26,544,2,1,16,48,1952,22.6800,1160.00,44.09,2.5268,0.1137,0.5190,0.8404,0.4053,1.3114,32.0022,35.4,37.5,0,1900.8,4.207,
RND_0357,Random_50M_150M,22,320,6,1,32,64,1440,40.1600,519.00,24.90,1.2909,0.0485,0.2630,0.5248,0.2145,0.3395,8.6518,36.1,35.4,0,1900.8,4.207,
RND_0358,Random_50M_150M,27,448,2,1,48,16,1024,38.6500,548.00,25.87,1.3501,0.0956,0.2411,0.3735,0.1455,0.3255,6.1374,36.4,35.7,0,1363.2,4.212,
RND_0359,Random_50M_150M,5,544,2,2,48,64,2816,53.0800,325.00,18.84,0.9090,0.0567,0.2694,0.4559,0.2128,0.2449,6.0436,36.1,35.1,0,1900.8,4.209,
RND_0360,Random_50M_150M,19,416,16,1,32,16,2080,23.1500,751.00,43.20,2.0901,0.3096,0.3678,0.6583,0.0582,0.7688,3.8026,35.7,36.1,0,1900.8,4.194,
RND_0361,Random_50M_150M,8,640,4,1,48,32,1728,15.6600,364.00,63.86,2.3436,0.0953,0.3226,0.7319,0.2273,0.7561,16.6496,35.4,35.7,0,1900.8,4.191,
RND_0362,Random_50M_150M,17,512,6,6,48,32,1696,31.5700,802.00,31.68,1.7839,0.0565,0.3356,0.5527,0.2791,0.5987,15.5585,36.4,35.4,0,1900.8,4.188,
RND_0363,Random_50M_150M,16,384,6,6,32,16,1792,39.8500,501.00,25.09,1.2789,0.0719,0.3294,0.5506,0.2575,0.4213,10.2932,35.1,35.4,0,1900.8,4.189,
RND_0364,Random_50M_150M,5,640,16,16,64,32,1216,17.2200,289.00,58.07,2.0892,0.0844,0.2777,0.6118,0.1933,0.5801,12.6174,35.1,36.1,0,1900.8,4.183,
RND_0365,Random_50M_150M,10,544,6,2,64,16,2464,39.5900,652.00,25.26,1.4350,0.1495,0.3049,0.5855,0.1553,0.4375,6.9650,35.4,36.4,0,1900.8,4.183,
RND_0366,Random_50M_150M,12,512,12,12,16,64,2784,28.2300,915.00,35.42,2.0131,0.0778,0.3034,0.6227,0.2256,0.6107,14.1898,36.1,36.1,0,1900.8,4.177,
RND_0367,Random_50M_150M,21,352,2,1,48,32,1856,37.6700,599.00,26.55,1.4219,0.0732,0.3051,0.6655,0.2319,0.4339,10.3065,35.4,35.4,0,1900.8,4.172,
RND_0368,Random_50M_150M,16,640,8,1,16,48,2848,19.3900,1318.00,51.57,2.9168,0.1019,0.3370,0.6088,0.2351,0.9829,21.4267,35.1,35.4,0,1900.8,4.167,
RND_0369,Random_50M_150M,22,640,16,16,32,48,1408,6.9100,1028.00,144.72,5.5143,0.0493,0.5213,0.8201,0.4720,2.8746,81.3409,35.4,36.1,0,1900.8,4.160,
RND_0370,Random_50M_150M,21,352,16,1,32,64,1344,37.8500,736.00,26.42,1.5550,0.0655,0.3026,0.6712,0.2371,0.4706,11.5202,36.1,35.7,0,1900.8,4.165,
RND_0371,Random_50M_150M,27,512,16,4,32,64,672,28.7000,900.00,34.84,1.9801,0.0551,0.3129,0.5755,0.2578,0.6195,15.9526,35.7,36.1,0,1900.8,4.156,
RND_0372,Random_50M_150M,19,576,4,2,48,64,2080,25.6800,1035.00,38.94,2.2422,0.3088,0.3272,0.5706,0.0184,0.7337,1.2864,35.4,36.4,0,1900.8,4.151,
RND_0373,Random_50M_150M,28,608,6,1,64,64,736,27.4100,800.00,36.48,1.9310,0.0692,0.2863,0.4435,0.2172,0.5529,13.1037,36.4,35.7,0,1900.8,4.148,
RND_0374,Random_50M_150M,28,448,2,2,16,32,2240,8.1400,907.00,122.85,4.7154,0.0857,0.5984,1.3271,0.5126,2.8214,75.5375,35.4,36.4,0,1900.8,4.143,
RND_0375,Random_50M_150M,11,512,2,1,48,32,1888,45.5200,465.00,21.97,1.1460,0.0640,0.2452,0.4237,0.1812,0.2810,6.4902,35.7,35.4,0,1900.8,4.139,
RND_0376,Random_50M_150M,23,448,1,1,64,32,928,44.1600,412.00,22.64,1.1140,0.0999,0.2813,0.4836,0.1814,0.3134,6.3158,35.7,35.4,0,1900.8,4.148,
RND_0377,Random_50M_150M,25,448,4,4,32,48,1344,11.6700,532.00,85.69,3.1884,0.0782,0.5001,0.8521,0.4218,1.5944,42.0272,35.7,36.4,0,1900.8,4.134,
RND_0378,Random_50M_150M,19,576,2,2,16,64,2912,21.2000,1335.00,47.17,2.7973,0.0741,0.3999,0.6891,0.3257,1.1185,28.4720,35.7,36.1,0,1900.8,4.126,
RND_0379,Random_50M_150M,19,448,1,1,32,16,1056,39.3900,558.00,25.39,1.3450,0.0986,0.3429,0.5899,0.2443,0.4612,10.2662,36.1,36.1,0,1900.8,4.133,
RND_0380,Random_50M_150M,21,544,8,4,64,64,2528,13.3700,1778.00,74.79,4.0966,0.0574,0.4867,0.9200,0.4293,1.9937,54.9617,35.7,35.4,0,1900.8,4.117,
RND_0381,Random_50M_150M,28,512,2,2,16,32,1120,30.5400,737.00,32.74,1.7521,0.0734,0.2948,0.5905,0.2214,0.5165,12.1213,35.4,36.1,0,1900.8,4.114,
RND_0382,Random_50M_150M,18,384,2,1,16,64,1408,18.5600,345.00,53.88,2.0153,0.0774,0.4298,1.1012,0.3523,0.8661,22.1896,36.1,35.4,0,1900.8,4.113,
RND_0383,Random_50M_150M,19,480,2,1,64,64,1600,36.0000,631.00,27.78,1.4921,0.0745,0.2862,0.5435,0.2118,0.4271,9.8747,35.1,35.4,0,1900.8,4.119,
RND_0384,Random_50M_150M,21,512,16,1,64,16,1152,11.1900,553.00,89.37,3.3233,0.0772,0.4735,0.6775,0.3963,1.5735,41.1527,35.4,35.7,0,1900.8,4.103,
RND_0385,Random_50M_150M,21,448,12,1,16,64,2304,9.3300,899.00,107.18,4.2216,0.0935,0.5242,0.7966,0.4307,2.2129,56.8179,35.4,35.7,0,1900.8,4.099,
RND_0386,Random_50M_150M,24,608,8,8,48,48,992,25.4500,974.00,39.29,2.1921,0.1025,0.3101,0.5997,0.2076,0.6798,14.2237,35.7,36.4,0,1900.8,4.097,
RND_0387,Random_50M_150M,8,544,8,1,64,64,2240,43.9100,500.00,22.77,1.2060,0.0816,0.2543,0.3800,0.1727,0.3066,6.5087,35.4,35.7,0,1900.8,4.096,
RND_0388,Random_50M_150M,17,416,4,2,16,48,1280,39.2400,414.00,25.48,1.2040,0.0750,0.2904,0.4478,0.2154,0.3496,8.1027,35.1,35.4,0,1900.8,4.094,
RND_0389,Random_50M_150M,24,512,6,6,64,16,1184,28.5500,803.00,35.03,1.8888,0.0807,0.2826,0.5141,0.2019,0.5338,11.9182,34.7,35.4,0,1900.8,4.090,
RND_0390,Random_50M_150M,25,576,8,2,16,16,832,13.3400,513.00,74.96,2.8368,0.0699,0.3902,0.6706,0.3203,1.1069,28.3960,35.4,35.7,0,1900.8,4.085,
RND_0391,Random_50M_150M,24,480,6,2,48,48,2016,23.7900,1122.00,42.03,2.4251,0.3087,0.3804,0.7135,0.0717,0.9226,5.4358,35.4,35.7,0,1900.8,4.082,
RND_0392,Random_50M_150M,17,416,16,8,16,48,1248,37.7100,545.00,26.52,1.3671,0.0983,0.2964,0.5034,0.1981,0.4052,8.4629,35.1,36.4,0,1900.8,4.078,
RND_0393,Random_50M_150M,27,384,1,1,32,64,1280,14.3100,437.00,69.88,2.6033,0.0867,0.4667,0.7840,0.3800,1.2149,30.9134,36.4,35.4,0,1363.2,4.076,
RND_0394,Random_50M_150M,21,608,16,1,48,32,2208,20.0800,1526.00,49.80,3.0698,0.0659,0.3884,0.6197,0.3225,1.1923,30.9404,35.1,35.7,0,1900.8,4.073,
RND_0395,Random_50M_150M,17,576,1,1,16,16,2496,21.1500,1534.00,47.28,2.9997,0.0669,0.3662,0.5754,0.2993,1.0985,28.0558,35.7,36.8,0,1900.8,4.065,
RND_0396,Random_50M_150M,25,448,2,2,16,64,1088,14.2400,420.00,70.22,2.5970,0.0902,0.4297,0.6981,0.3395,1.1158,27.5523,36.8,35.7,0,1900.8,4.066,
RND_0397,Random_50M_150M,23,640,1,1,16,64,1024,11.3800,535.00,87.87,3.2591,0.0954,0.4094,0.6930,0.3139,1.3341,31.9723,35.4,35.7,0,1900.8,4.058,
RND_0398,Random_50M_150M,19,576,2,1,64,48,1088,34.6800,654.00,28.84,1.5479,0.0731,0.3782,0.5366,0.3051,0.5854,14.7577,35.1,35.7,0,1900.8,4.054,
RND_0399,Random_50M_150M,20,576,8,2,64,48,1216,10.8200,637.00,92.42,3.5021,0.0562,0.4577,0.6876,0.4016,1.6030,43.9464,35.7,36.1,0,1900.8,4.054,
RND_0400,Random_50M_150M,13,480,12,4,48,64,2112,33.9500,699.00,29.46,1.6121,0.1258,0.2820,0.4321,0.1562,0.4546,7.8683,35.7,35.7,0,1900.8,4.046,
RND_0401,Random_50M_150M,13,640,4,1,32,16,1312,44.8600,526.00,22.29,1.2170,0.0863,0.2874,0.5164,0.2011,0.3498,7.6471,35.4,36.4,0,1900.8,4.051,
RND_0402,Random_50M_150M,19,448,6,1,32,64,1792,11.5800,517.00,86.36,3.1940,0.0877,0.4720,0.7475,0.3843,1.5076,38.3628,35.4,35.4,0,1900.8,4.041,
RND_0403,Random_50M_150M,10,640,2,1,48,48,832,57.8400,305.00,17.29,0.8410,0.0852,0.2202,0.3704,0.1349,0.1851,3.5461,35.4,35.7,0,1900.8,4.037,
RND_0404,Random_50M_150M,18,480,4,2,64,16,1728,33.7000,686.00,29.67,1.6059,0.0547,0.2631,0.4193,0.2083,0.4224,10.4557,36.4,35.7,0,1900.8,4.038,
RND_0405,Random_50M_150M,24,256,16,16,16,64,1312,33.3700,710.00,29.97,1.6390,0.1007,0.3577,0.6218,0.2570,0.5862,13.1623,36.1,35.4,0,1900.8,4.036,
RND_0406,Random_50M_150M,14,608,6,3,32,16,3040,23.2700,1126.00,42.97,2.4582,0.0737,0.3496,0.6972,0.2759,0.8593,21.1951,35.1,35.4,0,1900.8,4.028,
RND_0407,Random_50M_150M,19,608,12,1,16,32,1120,34.9500,668.00,28.61,1.5550,0.0940,0.2484,0.4486,0.1544,0.3863,7.5040,35.7,35.4,0,1900.8,4.028,
RND_0408,Random_50M_150M,21,480,4,2,32,64,1984,27.1200,900.00,36.87,2.0431,0.0942,0.3436,0.5814,0.2494,0.7021,15.9259,35.1,35.7,0,1900.8,4.015,
RND_0409,Random_50M_150M,19,480,16,2,16,64,2144,27.5800,1011.00,36.26,2.1350,0.1074,0.3925,0.7596,0.2851,0.8379,19.0226,35.4,35.7,0,1900.8,4.017,
RND_0410,Random_50M_150M,11,448,2,2,48,32,1888,48.6700,408.00,20.55,1.0449,0.0843,0.2271,0.2714,0.1428,0.2373,4.6625,36.1,35.4,0,1900.8,4.017,
RND_0411,Random_50M_150M,13,512,8,1,32,32,2752,10.4800,619.00,95.42,3.5770,0.0736,0.4743,0.8435,0.4007,1.6967,44.7960,35.4,36.1,0,1900.8,4.010,
RND_0412,Random_50M_150M,22,448,1,1,32,16,1280,34.9100,852.00,28.65,1.7400,0.0489,0.3392,0.5460,0.2902,0.5902,15.7813,35.4,36.1,0,1900.8,4.011,
RND_0413,Random_50M_150M,13,544,6,6,16,16,2496,29.9500,814.00,33.39,1.8491,0.0953,0.2875,0.5755,0.1922,0.5316,11.1082,35.7,36.1,0,1900.8,4.005,
RND_0414,Random_50M_150M,19,544,2,1,16,32,2272,28.4400,992.00,35.16,2.0820,0.0780,0.3276,0.5751,0.2496,0.6821,16.2378,35.7,35.4,0,1900.8,4.001,
RND_0415,Random_50M_150M,10,576,1,1,48,16,2880,28.6000,1024.00,34.97,2.1079,0.0950,0.2937,0.5486,0.1987,0.6191,13.0907,35.4,35.7,0,1900.8,3.992,
RND_0416,Random_50M_150M,24,416,1,1,48,32,1312,34.2900,557.00,29.16,1.4611,0.0957,0.2836,0.5031,0.1879,0.4144,8.5777,35.4,36.1,0,1900.8,3.994,
RND_0417,Random_50M_150M,27,640,8,8,16,48,1568,20.7400,1425.00,48.22,2.9197,0.0795,0.3544,0.7164,0.2749,1.0348,25.0865,35.1,36.1,0,1900.8,3.985,
RND_0418,Random_50M_150M,7,640,1,1,48,48,2208,32.7700,701.00,30.52,1.6470,0.1112,0.2479,0.3665,0.1367,0.4083,7.0350,36.1,35.7,0,1900.8,3.985,
RND_0419,Random_50M_150M,12,608,6,1,48,16,3232,26.5600,1049.00,37.65,2.2162,0.0637,0.2742,0.5667,0.2105,0.6076,14.5790,35.4,35.7,0,1900.8,3.973,
RND_0420,Random_50M_150M,16,576,16,4,48,64,1760,25.3100,998.00,39.51,2.2228,0.0704,0.3029,0.7268,0.2325,0.6732,16.1467,35.4,35.7,0,1900.8,3.971,
RND_0421,Random_50M_150M,15,608,1,1,64,64,736,47.4700,375.00,21.07,1.0280,0.0638,0.3011,0.4508,0.2373,0.3095,7.6237,35.4,35.7,0,1900.8,3.970,
RND_0422,Random_50M_150M,17,448,8,1,48,32,1408,12.1600,398.00,82.24,2.9473,0.0805,0.4582,0.9191,0.3777,1.3505,34.7915,35.7,35.7,0,1900.8,3.961,
RND_0423,Random_50M_150M,15,480,2,1,16,16,1984,38.6500,572.00,25.87,1.3741,0.0690,0.2839,0.8292,0.2149,0.3901,9.2286,35.1,36.8,0,1900.8,3.970,
RND_0424,Random_50M_150M,13,384,1,1,16,16,2048,40.2600,672.00,24.84,1.4420,0.0740,0.2914,0.5916,0.2174,0.4202,9.7960,35.7,36.1,0,1900.8,3.958,
RND_0425,Random_50M_150M,23,384,4,4,48,48,992,41.2200,465.00,24.26,1.2171,0.1110,0.2603,0.3605,0.1493,0.3168,5.6776,35.4,35.7,0,1900.8,3.949,
RND_0426,Random_50M_150M,11,544,2,1,64,48,2144,43.3600,591.00,23.06,1.3059,0.0475,0.2533,0.3831,0.2058,0.3308,8.3984,35.7,35.7,0,1900.8,3.950,
RND_0427,Random_50M_150M,27,544,1,1,48,16,1952,19.2100,1855.00,52.06,3.4687,0.0510,0.4194,0.6607,0.3684,1.4548,39.9307,35.7,36.8,0,1900.8,3.941,
RND_0428,Random_50M_150M,7,608,8,1,16,32,2944,44.8000,598.00,22.32,1.2900,0.0819,0.2840,0.5933,0.2021,0.3663,8.1474,36.4,36.1,0,1900.8,3.940,
RND_0429,Random_50M_150M,14,576,8,2,64,48,1664,11.5800,566.00,86.36,3.2430,0.0821,0.4461,0.7799,0.3640,1.4468,36.8901,36.1,35.7,0,1900.8,3.937,
RND_0430,Random_50M_150M,8,576,1,1,32,64,2272,46.3400,485.00,21.58,1.1540,0.0731,0.2462,0.4193,0.1731,0.2841,6.2439,35.7,35.7,0,1900.8,3.930,
RND_0431,Random_50M_150M,26,608,6,6,32,48,1344,22.1000,1221.00,45.25,2.6237,0.0866,0.3798,0.6771,0.2932,0.9965,24.0389,36.8,35.7,0,1900.8,3.927,
RND_0432,Random_50M_150M,28,576,6,3,16,64,1440,23.0700,1124.00,43.35,2.4677,0.1110,0.3266,0.6063,0.2156,0.8060,16.6235,36.8,37.1,0,1900.8,3.918,
RND_0433,Random_50M_150M,21,640,4,1,32,32,1376,31.1900,825.00,32.06,1.8189,0.0709,0.2633,0.3923,0.1924,0.4789,10.9372,35.7,36.4,0,1900.8,3.916,
RND_0434,Random_50M_150M,11,608,4,2,48,16,3040,29.9500,925.00,33.39,1.9601,0.0908,0.2665,0.4851,0.1757,0.5224,10.7613,35.7,35.7,0,1900.8,3.911,
RND_0435,Random_50M_150M,14,512,8,2,64,64,1344,14.3300,402.00,69.78,2.5653,0.0810,0.4172,0.7171,0.3361,1.0701,26.9461,36.1,36.8,0,1900.8,3.909,
RND_0436,Random_50M_150M,25,448,16,8,16,32,1024,12.5900,523.00,79.43,2.9853,0.0926,0.4834,0.6801,0.3909,1.4432,36.4656,36.4,37.1,0,1900.8,3.905,
RND_0437,Random_50M_150M,24,640,1,1,48,32,1056,31.6300,731.00,31.62,1.7111,0.1017,0.2684,0.4576,0.1667,0.4593,8.9148,36.8,36.4,0,1900.8,3.902,
RND_0438,Random_50M_150M,21,544,1,1,16,48,1888,21.3100,1361.00,46.93,2.8157,0.0909,0.3782,0.6688,0.2874,1.0650,25.2865,35.7,36.4,0,1900.8,3.905,
RND_0439,Random_50M_150M,8,544,8,1,48,16,2720,43.0600,552.00,23.22,1.2719,0.0879,0.2602,0.3998,0.1723,0.3310,6.8474,36.4,36.4,0,1900.8,3.895,
RND_0440,Random_50M_150M,26,480,8,4,48,48,1504,24.6400,1023.00,40.58,2.2811,0.0757,0.3544,0.5835,0.2787,0.8083,19.8669,35.7,36.8,0,1900.8,3.890,
RND_0441,Random_50M_150M,10,576,8,1,48,48,1600,15.2900,414.00,65.40,2.4415,0.0525,0.3662,0.6798,0.3137,0.8940,23.9335,36.4,36.1,0,1900.8,3.893,
RND_0442,Random_50M_150M,27,416,16,8,48,16,2112,21.5700,1207.00,46.36,2.6442,0.0788,0.4392,0.9587,0.3604,1.1614,29.7800,35.4,37.1,0,1900.8,3.885,
RND_0443,Random_50M_150M,12,576,6,2,64,16,2304,32.4300,761.00,30.84,1.7169,0.0857,0.2470,0.3287,0.1614,0.4242,8.6584,36.1,37.1,0,1900.8,3.886,
RND_0444,Random_50M_150M,14,640,1,1,64,48,1088,34.3300,685.00,29.13,1.5880,0.0863,0.2548,0.3842,0.1685,0.4046,8.3598,36.4,35.7,0,1900.8,3.877,
RND_0445,Random_50M_150M,25,480,1,1,32,32,1792,29.2700,951.00,34.16,2.0101,0.1417,0.3230,0.5645,0.1813,0.6492,11.3862,36.1,36.4,0,1900.8,3.877,
RND_0446,Random_50M_150M,12,544,6,6,32,64,2304,31.0300,781.00,32.23,1.7800,0.0687,0.2711,0.4694,0.2025,0.4826,11.2617,36.8,36.4,0,1900.8,3.872,
RND_0447,Random_50M_150M,26,448,1,1,16,64,1440,30.2100,695.00,33.10,1.7212,0.3250,0.4686,0.6906,0.1436,0.8065,7.7250,35.7,36.4,0,1900.8,3.875,
RND_0448,Random_50M_150M,24,416,1,1,48,64,2240,26.5000,963.00,37.74,2.1328,0.0908,0.3878,0.6943,0.2970,0.8271,19.7944,35.7,36.8,0,1900.8,3.868,
RND_0449,Random_50M_150M,6,480,12,12,32,32,2592,49.1300,359.00,20.35,0.9900,0.0548,0.2427,0.2991,0.1879,0.2403,5.8145,35.7,37.1,0,1900.8,3.867,
RND_0450,Random_50M_150M,20,448,6,2,48,16,2368,26.7200,934.00,37.43,2.0942,0.0870,0.5954,0.8947,0.5085,1.2469,33.2755,36.1,36.4,0,1900.8,3.871,
RND_0451,Random_50M_150M,21,480,12,12,32,16,1504,30.1900,844.00,33.12,1.8708,0.0798,0.3196,0.6960,0.2398,0.5979,14.0207,35.4,36.8,0,1900.8,3.859,
RND_0452,Random_50M_150M,28,288,16,1,32,64,992,36.8200,609.00,27.16,1.4509,0.0710,0.3452,0.6834,0.2742,0.5008,12.4317,36.4,35.7,0,1900.8,3.852,
RND_0453,Random_50M_150M,16,576,2,2,16,32,1216,13.3700,370.00,74.79,2.6886,0.0659,0.3940,0.6940,0.3281,1.0594,27.5691,35.4,36.4,0,1900.8,3.849,
RND_0454,Random_50M_150M,14,608,12,6,64,64,1376,29.8400,804.00,33.51,1.8429,0.0624,0.3064,0.5390,0.2440,0.5646,14.0520,35.7,36.1,0,1900.8,3.850,
RND_0455,Random_50M_150M,13,448,4,4,48,64,2336,32.2200,605.00,31.04,1.5671,0.1995,0.3860,0.5921,0.1865,0.6049,9.1314,36.8,36.1,0,1900.8,3.848,
RND_0456,Random_50M_150M,12,448,2,1,48,16,2272,42.0100,574.00,23.80,1.3119,0.0647,0.2377,0.3656,0.1731,0.3119,7.0957,35.7,35.7,0,1900.8,3.855,
RND_0457,Random_50M_150M,19,480,12,1,48,32,928,35.4700,496.00,28.19,1.3700,0.0592,0.2202,0.3282,0.1610,0.3017,6.8942,35.7,35.4,0,1900.8,3.844,
RND_0458,Random_50M_150M,12,448,1,1,48,32,2272,40.5800,496.00,24.64,1.2599,0.0822,0.2670,0.5678,0.1847,0.3364,7.2734,35.7,36.4,0,1900.8,3.843,
RND_0459,Random_50M_150M,27,416,1,1,32,16,1376,29.1900,1070.00,34.26,2.1320,0.0838,0.3598,0.6341,0.2760,0.7671,18.3863,36.1,36.8,0,1900.8,3.849,
RND_0460,Random_50M_150M,27,480,1,1,48,32,1056,33.4100,607.00,29.93,1.5349,0.0787,0.2658,0.4394,0.1871,0.4080,8.9754,35.7,35.7,0,1900.8,3.843,
RND_0461,Random_50M_150M,4,608,1,1,64,48,3136,38.6100,555.00,25.90,1.3579,0.0551,0.2309,0.3575,0.1758,0.3135,7.4605,35.7,36.1,0,1900.8,3.832,
RND_0462,Random_50M_150M,26,288,4,1,32,64,1568,39.2900,651.00,25.45,1.4400,0.0556,0.4834,0.8620,0.4278,0.6960,19.2490,33.4,33.0,0,1900.8,4.178,
RND_0463,Random_50M_150M,18,512,6,3,64,48,864,37.7100,458.00,26.52,1.2801,0.0716,0.2783,0.3883,0.2066,0.3562,8.2652,33.7,33.4,0,1363.2,4.175,
RND_0464,Random_50M_150M,16,608,6,2,64,48,2496,23.8500,1145.00,41.93,2.4448,0.0475,0.2905,0.5737,0.2429,0.7101,18.5607,33.4,34.7,0,1900.8,4.174,
RND_0465,Random_50M_150M,9,640,12,12,32,16,1472,14.4500,397.00,69.20,2.5423,0.2054,0.4118,0.8804,0.2064,1.0468,16.3962,33.7,34.7,0,1900.8,4.168,
RND_0466,Random_50M_150M,19,512,2,1,64,64,2624,8.6700,854.00,115.34,4.4295,0.0678,0.5219,0.9453,0.4541,2.3116,62.8554,34.7,34.4,0,1900.8,4.154,
RND_0467,Random_50M_150M,16,576,6,1,32,48,1888,31.0900,807.00,32.16,1.8041,0.0659,0.2645,0.4932,0.1987,0.4773,11.2003,34.4,34.4,0,1900.8,4.152,
RND_0468,Random_50M_150M,28,352,6,1,16,32,1856,30.1900,803.00,33.12,1.8298,0.3301,0.3542,0.5801,0.0241,0.6480,1.3761,34.7,35.7,0,1900.8,4.142,
RND_0469,Random_50M_150M,22,448,1,1,64,16,1792,26.7900,1245.00,37.33,2.4021,0.2121,0.3864,0.6825,0.1742,0.9281,13.0794,35.1,35.4,0,1900.8,4.143,
RND_0470,Random_50M_150M,28,448,12,2,48,64,896,10.6700,652.00,93.72,3.5573,0.3314,0.5127,0.9377,0.1812,1.8238,20.1467,34.4,35.7,0,1900.8,4.144,
RND_0471,Random_50M_150M,24,608,4,2,32,48,1248,24.2800,875.00,41.19,2.1518,0.0701,0.2889,0.5562,0.2188,0.6217,14.7135,35.7,36.4,0,1900.8,4.121,
RND_0472,Random_50M_150M,28,512,2,2,32,48,2528,17.6900,1505.00,56.53,3.2574,0.0684,0.4614,0.9125,0.3930,1.5030,40.0035,35.1,36.1,0,1900.8,4.120,
RND_0473,Random_50M_150M,15,576,16,8,64,48,2240,8.2500,878.00,121.21,4.6356,0.0701,0.5221,1.1998,0.4520,2.4201,65.4735,36.4,35.7,0,1900.8,4.119,
RND_0474,Random_50M_150M,17,608,16,16,32,32,2176,22.3500,1305.00,44.74,2.6920,0.0722,0.3487,0.8162,0.2765,0.9387,23.2581,36.1,35.7,0,1900.8,4.103,
RND_0475,Random_50M_150M,19,544,6,6,48,16,1280,32.8700,704.00,30.42,1.6471,0.0810,0.2659,0.3982,0.1849,0.4379,9.5178,35.4,35.4,0,1900.8,4.103,
RND_0476,Random_50M_150M,28,448,6,1,16,32,2400,21.6200,1345.00,46.25,2.7789,0.0974,0.4477,0.7585,0.3503,1.2440,30.4169,35.7,37.1,0,1900.8,4.081,
RND_0477,Random_50M_150M,18,576,4,1,16,32,2400,26.1400,1078.00,38.26,2.2639,0.0526,0.3176,0.7568,0.2649,0.7189,18.7429,35.4,36.8,0,1900.8,4.092,
RND_0478,Random_50M_150M,5,640,12,3,64,48,1856,15.7700,350.00,63.41,2.3158,0.0579,0.3093,0.6188,0.2515,0.7164,18.1985,35.7,36.1,0,1900.8,4.088,
RND_0479,Random_50M_150M,15,416,8,8,16,64,1760,38.7500,570.00,25.81,1.3700,0.0534,0.2586,0.3829,0.2052,0.3543,8.7831,35.7,36.4,0,1900.8,4.091,
RND_0480,Random_50M_150M,22,416,16,2,16,32,2144,27.5100,926.00,36.35,2.0529,0.0977,0.6292,0.8677,0.5315,1.2917,34.0965,35.4,36.1,0,1900.8,4.076,
RND_0481,Random_50M_150M,14,448,2,2,48,16,1632,44.5400,454.00,22.45,1.1500,0.0767,0.2946,0.5820,0.2179,0.3388,7.8314,35.4,36.1,0,1900.8,4.071,
RND_0482,Random_50M_150M,8,544,8,8,16,64,1696,45.4500,389.00,22.00,1.0711,0.0676,0.2474,0.3624,0.1798,0.2650,6.0174,35.7,35.4,0,1900.8,4.076,
RND_0483,Random_50M_150M,5,544,8,2,32,48,2560,50.9000,336.00,19.65,0.9450,0.0591,0.2718,0.4632,0.2127,0.2569,6.2808,35.7,35.7,0,1900.8,4.070,
RND_0484,Random_50M_150M,5,640,6,3,16,32,3200,14.7900,393.00,67.61,2.4890,0.0583,0.3410,0.7032,0.2827,0.8487,21.9856,35.4,36.1,0,1900.8,4.075,
RND_0485,Random_50M_150M,13,512,16,16,16,48,672,38.9400,388.00,25.68,1.1841,0.0548,0.2328,0.3329,0.1780,0.2756,6.5858,35.4,35.7,0,1900.8,4.062,
RND_0486,Random_50M_150M,11,608,2,1,16,48,1728,44.6000,548.00,22.42,1.2431,0.0580,0.2068,0.2722,0.1489,0.2571,5.7824,35.7,35.7,0,1900.8,4.057,
RND_0487,Random_50M_150M,21,512,4,2,48,16,2400,26.0900,1122.00,38.33,2.3102,0.0874,0.3481,0.6584,0.2607,0.8042,18.8200,35.7,36.4,0,1900.8,4.054,
RND_0488,Random_50M_150M,17,448,12,2,48,32,2240,10.6600,690.00,93.81,3.5981,0.1032,0.5095,0.6890,0.4063,1.8332,45.6805,36.1,36.1,0,1900.8,4.046,
RND_0489,Random_50M_150M,9,640,16,16,32,48,896,14.2000,387.00,70.42,2.5701,0.0680,0.3369,0.6998,0.2689,0.8658,21.5983,36.1,36.4,0,1900.8,4.041,
RND_0490,Random_50M_150M,15,640,12,1,32,64,2560,7.9000,910.00,126.58,4.8341,0.0795,0.5010,0.8149,0.4216,2.4221,63.6827,36.1,37.5,0,1900.8,4.046,
RND_0491,Random_50M_150M,23,448,2,2,64,64,896,16.1500,350.00,61.92,2.2695,0.0629,0.4124,0.6874,0.3496,0.9360,24.7913,37.1,35.7,0,1900.8,4.039,
RND_0492,Random_50M_150M,16,576,1,1,16,32,1632,35.7100,657.00,28.00,1.5251,0.0695,0.2471,0.4111,0.1776,0.3768,8.4644,36.1,36.1,0,1900.8,4.030,
RND_0493,Random_50M_150M,15,640,2,2,64,32,2016,31.1200,858.00,32.13,1.8541,0.0909,0.2569,0.4523,0.1660,0.4764,9.6195,35.4,36.1,0,1900.8,4.028,
RND_0494,Random_50M_150M,22,448,1,1,48,48,1600,28.0000,998.00,35.71,2.1051,0.0663,0.3658,0.6112,0.2994,0.7700,19.6976,36.4,36.8,0,1900.8,4.024,
RND_0495,Random_50M_150M,13,544,16,4,16,32,2560,30.9100,880.00,32.35,1.8829,0.1061,0.2557,0.3899,0.1496,0.4815,8.8021,36.4,36.1,0,1900.8,4.018,
RND_0496,Random_50M_150M,17,640,16,16,48,16,1184,27.9000,875.00,35.84,1.9861,0.0485,0.2559,0.4267,0.2074,0.5083,12.8730,35.7,36.8,0,1900.8,4.007,
RND_0497,Random_50M_150M,14,448,4,1,32,64,2080,35.1900,596.00,28.42,1.4769,0.0927,0.2911,0.4078,0.1984,0.4299,9.1559,36.1,35.7,0,1900.8,4.010,
RND_0498,Random_50M_150M,24,320,16,4,48,48,1472,13.0900,593.00,76.39,2.9612,0.0816,0.5165,1.0763,0.4349,1.5295,40.2458,37.1,36.1,0,1900.8,4.006,
RND_0499,Random_50M_150M,26,448,4,1,64,48,896,14.5900,409.00,68.54,2.5337,0.0829,0.4170,0.6702,0.3341,1.0566,26.4576,36.8,36.4,0,1900.8,4.004,
RND_0500,Random_50M_150M,17,512,4,2,16,48,1984,10.9100,537.00,91.66,3.3784,0.0927,0.4664,0.8124,0.3737,1.5757,39.4570,35.7,36.1,0,1900.8,4.008,
RND_0501,Random_50M_150M,26,384,12,1,64,16,1600,11.2700,629.00,88.73,3.3797,0.0713,0.4822,0.7262,0.4108,1.6296,43.3917,35.7,36.1,0,1900.8,3.993,
RND_0502,Random_50M_150M,10,416,6,1,32,48,2176,45.6600,407.00,21.90,1.0859,0.0705,0.3024,0.4776,0.2318,0.3284,7.8673,36.1,36.1,0,1900.8,4.004,
RND_0503,Random_50M_150M,7,544,6,6,32,16,2144,47.8400,372.00,20.90,1.0200,0.0859,0.2830,0.6298,0.1971,0.2887,6.2827,35.7,36.4,0,1900.8,3.989,
RND_0504,Random_50M_150M,25,512,1,1,48,64,2464,21.5900,1359.00,46.32,2.7948,0.0716,0.3919,0.7170,0.3203,1.0954,27.9771,35.7,36.4,0,1900.8,3.985,
RND_0505,Random_50M_150M,23,448,8,2,64,32,608,38.6100,429.00,25.90,1.2319,0.0725,0.2870,0.4168,0.2144,0.3535,8.2552,36.1,36.1,0,1900.8,3.984,
RND_0506,Random_50M_150M,17,576,12,12,32,32,2016,25.8800,1047.00,38.64,2.2448,0.0710,0.3313,0.5748,0.2604,0.7437,18.2641,35.7,36.1,0,1900.8,3.984,
RND_0507,Random_50M_150M,21,448,12,12,48,16,2080,25.3300,1038.00,39.48,2.2618,0.0742,0.3927,0.6285,0.3184,0.8882,22.5085,36.1,37.1,0,1900.8,3.969,
RND_0508,Random_50M_150M,17,544,16,16,48,48,2080,22.4200,1210.00,44.60,2.5927,0.0596,0.3456,0.7005,0.2860,0.8960,23.1713,35.7,36.1,0,1900.8,3.965,
RND_0509,Random_50M_150M,16,608,6,6,64,64,1472,27.9800,810.00,35.74,1.9179,0.0551,0.2630,0.3635,0.2079,0.5044,12.4582,36.8,36.1,0,1900.8,3.956,
RND_0510,Random_50M_150M,26,512,2,2,16,48,2464,20.4600,1363.00,48.88,2.8782,0.1288,0.4361,0.7070,0.3072,1.2551,27.6347,36.4,36.4,0,1900.8,3.948,
RND_0511,Random_50M_150M,20,448,6,6,32,64,1568,30.1300,696.00,33.19,1.7249,0.0751,0.2477,0.6945,0.1726,0.4272,9.3044,36.1,36.4,0,1900.8,3.945,
RND_0512,Random_50M_150M,20,576,2,2,64,64,768,14.5300,383.00,68.82,2.5165,0.0762,0.3612,0.6016,0.2850,0.9089,22.4116,36.1,36.1,0,1900.8,3.944,
RND_0513,Random_50M_150M,22,576,16,4,48,16,1056,28.6500,809.00,34.90,1.8910,0.0531,0.2461,0.5895,0.1929,0.4653,11.4003,36.1,36.8,0,1900.8,3.942,
RND_0514,Random_50M_150M,17,352,8,1,48,32,1888,41.8400,565.00,23.90,1.3059,0.1009,0.2552,0.5629,0.1543,0.3333,6.2987,36.1,36.1,0,1900.8,3.937,
RND_0515,Random_50M_150M,18,448,6,6,32,16,1824,34.5600,666.00,28.94,1.5630,0.0906,0.3768,0.5630,0.2862,0.5889,13.9774,36.8,36.1,0,1900.8,3.927,
RND_0516,Random_50M_150M,9,640,6,6,64,32,1216,15.7400,350.00,63.53,2.3195,0.0785,0.3059,0.5656,0.2273,0.7094,16.4792,36.8,36.4,0,1900.8,3.935,
RND_0517,Random_50M_150M,27,288,16,16,32,64,992,26.9600,757.00,37.09,1.9069,0.0596,0.4550,0.8696,0.3955,0.8677,23.5650,36.4,36.8,0,1900.8,3.922,
RND_0518,Random_50M_150M,22,576,1,1,48,32,1568,28.5500,883.00,35.03,1.9688,0.0776,0.2485,0.5619,0.1709,0.4893,10.5159,35.7,36.1,0,1900.8,3.915,
RND_0519,Random_50M_150M,27,576,2,2,32,64,1632,22.6300,1109.00,44.19,2.4789,0.0852,0.3241,0.5718,0.2389,0.8034,18.5036,35.7,36.8,0,1900.8,3.911,
RND_0520,Random_50M_150M,9,576,12,12,64,48,1408,13.6000,393.00,73.53,2.6724,0.0667,0.3756,0.7227,0.3090,1.0038,25.8014,36.4,36.1,0,1900.8,3.911,
RND_0521,Random_50M_150M,28,288,4,1,64,32,1536,38.0400,659.00,26.29,1.4739,0.0859,0.3961,0.6776,0.3102,0.5839,14.2890,36.1,36.4,0,1900.8,3.904,
RND_0522,Random_50M_150M,25,416,1,1,48,16,1824,25.2400,1214.00,39.62,2.4422,0.0912,0.4093,0.6198,0.3181,0.9996,24.2740,35.7,36.1,0,1900.8,3.900,
RND_0523,Random_50M_150M,27,416,16,16,16,32,1440,25.9800,891.00,38.49,2.0842,0.0829,0.4319,0.7124,0.3490,0.9003,22.7311,36.8,36.8,0,1900.8,3.896,
RND_0524,Random_50M_150M,7,512,6,3,16,32,2272,50.9000,354.00,19.65,0.9630,0.0657,0.2490,0.3293,0.1832,0.2398,5.5147,35.7,35.7,0,1900.8,3.897,
RND_0525,Random_50M_150M,14,448,6,3,16,48,1280,45.2600,376.00,22.09,1.0609,0.0740,0.2611,0.3934,0.1871,0.2771,6.2036,35.7,35.7,0,1900.8,3.895,
RND_0526,Random_50M_150M,26,480,12,12,16,32,2272,19.6500,1381.00,50.89,2.9586,0.0678,0.4180,0.6773,0.3503,1.2368,32.3831,36.4,36.1,0,1900.8,3.891,
RND_0527,Random_50M_150M,5,640,1,1,32,32,2560,55.3600,396.00,18.06,0.9560,0.0739,0.2728,0.3809,0.1989,0.2608,5.9412,36.1,36.8,0,1900.8,3.889,
RND_0528,Random_50M_150M,21,544,16,4,32,32,2496,19.1200,1389.00,52.30,3.0103,0.0896,0.4117,0.6682,0.3222,1.2395,30.3087,35.7,36.8,0,1900.8,3.891,
RND_0529,Random_50M_150M,26,480,8,1,48,64,2624,18.8600,1521.00,53.02,3.1647,0.0923,0.4379,0.8678,0.3456,1.3857,34.1771,36.1,36.8,0,1900.8,3.876,
RND_0530,Random_50M_150M,17,416,8,4,16,64,1120,45.1900,435.00,22.13,1.1210,0.0642,0.2115,0.2874,0.1473,0.2371,5.1591,36.1,36.4,0,1900.8,3.877,
RND_0531,Random_50M_150M,13,640,12,12,16,48,3392,7.2300,998.00,138.31,5.2857,0.0665,0.5281,0.8039,0.4616,2.7913,76.2416,36.1,37.1,0,1900.8,3.870,
RND_0532,Random_50M_150M,20,448,2,1,16,32,1664,13.2300,460.00,75.59,2.8032,0.0698,0.4522,0.8407,0.3824,1.2675,33.4953,35.7,35.7,0,1900.8,3.871,
RND_0533,Random_50M_150M,5,544,6,3,48,32,2720,46.6900,353.00,21.42,1.0170,0.0648,0.2493,0.3295,0.1846,0.2535,5.8650,36.1,35.7,0,1900.8,3.876,
RND_0534,Random_50M_150M,26,544,2,2,48,16,2400,19.0000,1411.00,52.63,3.0426,0.0721,0.4018,0.6210,0.3298,1.2226,31.3556,36.1,37.1,0,1900.8,3.864,
RND_0535,Random_50M_150M,13,640,6,1,32,16,2240,31.6600,827.00,31.59,1.8062,0.1574,0.3930,0.7363,0.2356,0.7098,13.2961,36.4,36.8,0,1900.8,3.861,
RND_0536,Random_50M_150M,20,416,2,2,64,16,1728,35.3100,630.00,28.32,1.5079,0.0462,0.2684,0.3795,0.2222,0.4047,10.4708,35.7,36.1,0,1900.8,3.860,
RND_0537,Random_50M_150M,28,544,6,2,16,48,1344,25.8100,972.00,38.74,2.1731,0.1749,0.4509,0.9051,0.2759,0.9798,18.7393,36.4,36.4,0,1900.8,3.855,
RND_0538,Random_50M_150M,7,576,4,4,32,48,1856,17.1600,299.00,58.28,2.1055,0.0709,0.3401,0.6785,0.2692,0.7161,17.7118,36.1,36.1,0,1900.8,3.852,
RND_0539,Random_50M_150M,9,576,6,1,16,64,2976,31.1200,696.00,32.13,1.6921,0.0692,0.4941,0.8019,0.4248,0.8360,22.4642,35.7,36.8,0,1900.8,3.853,
RND_0540,Random_50M_150M,20,448,12,6,16,64,1696,28.5500,859.00,35.03,1.9448,0.0560,0.3677,0.6167,0.3117,0.7151,18.9447,36.4,36.1,0,1900.8,3.851,
RND_0541,Random_50M_150M,25,352,8,4,64,48,1408,32.2900,689.00,30.97,1.6490,0.1123,0.3265,0.5667,0.2142,0.5383,11.0374,36.1,35.7,0,1900.8,3.853,
RND_0542,Random_50M_150M,28,352,12,12,16,32,896,34.4100,579.00,29.06,1.4799,0.0886,0.3392,0.6981,0.2505,0.5019,11.5861,36.1,36.8,0,1900.8,3.846,
RND_0543,Random_50M_150M,18,448,8,4,48,64,1952,27.3400,867.00,36.58,2.0009,0.0850,0.3416,0.6750,0.2567,0.6836,16.0480,35.7,37.1,0,1900.8,3.840,
RND_0544,Random_50M_150M,22,384,2,2,32,48,1632,36.6400,580.00,27.29,1.4261,0.0874,0.3578,0.8061,0.2704,0.5102,12.0497,35.7,36.1,0,1900.8,3.844,
RND_0545,Random_50M_150M,24,608,4,4,32,48,1536,24.9600,1122.00,40.06,2.3640,0.0800,0.3208,0.5275,0.2408,0.7584,17.7891,36.1,36.1,0,1900.8,3.836,
RND_0546,Random_50M_150M,10,544,16,1,16,16,2144,42.9400,573.00,23.29,1.2949,0.0508,0.2975,0.4761,0.2467,0.3852,9.9811,35.4,35.7,0,1900.8,3.848,
RND_0547,Random_50M_150M,17,512,16,1,48,32,2592,25.4900,1134.00,39.23,2.3502,0.0557,0.3296,0.5947,0.2739,0.7746,20.1134,36.1,34.0,0,1900.8,3.794,
RND_0548,Random_50M_150M,25,640,2,2,32,16,1504,26.3600,1036.00,37.94,2.2120,0.0811,0.2811,0.5890,0.2000,0.6219,13.8278,34.4,34.7,0,1900.8,3.788,
RND_0549,Random_50M_150M,14,640,1,1,48,16,3232,18.7800,1772.00,53.25,3.4227,0.0865,0.3725,0.5837,0.2861,1.2751,30.5971,34.0,34.7,0,1900.8,3.789,
RND_0550,Random_50M_150M,19,576,8,4,32,48,1984,8.6100,817.00,116.14,4.4175,0.0668,0.4991,0.7982,0.4323,2.2048,59.6786,35.1,35.7,0,1900.8,3.793,
RND_0551,Random_50M_150M,7,512,12,1,16,64,2656,46.2000,471.00,21.65,1.1420,0.0886,0.2766,0.4654,0.1880,0.3159,6.7105,35.4,35.1,0,1363.2,3.784,
RND_0552,Random_50M_150M,17,384,16,2,16,16,1856,15.2700,428.00,65.49,2.4581,0.0632,0.4731,0.7843,0.4099,1.1629,31.4876,34.4,35.1,0,1900.8,3.781,
RND_0553,Random_50M_150M,25,544,2,1,16,16,2592,20.6900,1426.00,48.33,2.9243,0.0696,0.4277,0.7904,0.3581,1.2509,32.7275,34.7,36.1,0,1363.2,3.778,
RND_0554,Random_50M_150M,16,448,6,6,32,16,2464,32.1200,776.00,31.13,1.7411,0.0761,0.3254,0.5620,0.2493,0.5665,13.5659,34.7,35.1,0,1900.8,3.785,
RND_0555,Random_50M_150M,15,576,8,4,64,32,2368,9.0200,768.00,110.86,4.2048,0.0697,0.4747,0.7889,0.4049,1.9959,53.2056,35.1,35.4,0,1900.8,3.769,
RND_0556,Random_50M_150M,14,448,16,2,32,64,2176,12.1000,529.00,82.64,3.0910,0.0838,0.4866,0.7833,0.4028,1.5042,38.9078,35.4,35.4,0,1900.8,3.778,
RND_0557,Random_50M_150M,23,480,1,1,64,64,2208,26.7000,1049.00,37.45,2.2100,0.0646,0.3426,0.5912,0.2780,0.7572,19.2001,36.4,35.7,0,1900.8,3.768,
RND_0558,Random_50M_150M,15,576,1,1,32,32,1632,41.3300,611.00,24.20,1.3611,0.0858,0.2729,0.3658,0.1871,0.3715,7.9575,36.8,36.1,0,1900.8,3.774,
RND_0559,Random_50M_150M,15,576,2,2,48,64,1856,10.9300,589.00,91.49,3.4252,0.0558,0.4369,0.8553,0.3812,1.4966,40.8001,35.1,35.4,0,1900.8,3.765,
RND_0560,Random_50M_150M,15,544,4,4,64,16,2112,31.4700,804.00,31.78,1.7891,0.0606,0.2567,0.3314,0.1961,0.4592,10.9627,35.4,36.1,0,1900.8,3.771,
RND_0561,Random_50M_150M,13,416,4,2,64,32,2240,42.1800,531.00,23.71,1.2659,0.0804,0.2306,0.3563,0.1501,0.2919,5.9400,36.1,35.1,0,1900.8,3.767,
RND_0562,Random_50M_150M,28,576,16,8,32,32,1824,17.6700,1597.00,56.59,3.3514,0.1162,0.4035,0.6810,0.2873,1.3523,30.0853,35.1,35.4,0,1900.8,3.761,
RND_0564,Random_50M_150M,14,608,12,6,48,32,1152,35.4700,627.00,28.19,1.5010,0.0801,0.2668,0.4920,0.1868,0.4005,8.7602,35.7,35.7,0,1900.8,3.759,
RND_0565,Random_50M_150M,26,544,6,2,32,16,1408,27.4800,930.00,36.39,2.0581,0.1831,0.3195,0.6355,0.1364,0.6576,8.7727,35.1,36.4,0,1900.8,3.751,
RND_0566,Random_50M_150M,21,640,6,3,32,16,2080,22.5100,1213.00,44.42,2.5902,0.0750,0.3435,0.5867,0.2685,0.8897,21.7333,35.4,35.7,0,1900.8,3.756,
RND_0567,Random_50M_150M,15,416,2,2,16,64,1696,45.7200,496.00,21.87,1.1740,0.0772,0.2777,0.8291,0.2005,0.3260,7.3560,36.1,36.1,0,1900.8,3.754,
RND_0568,Random_50M_150M,27,544,4,4,16,48,928,32.8400,758.00,30.45,1.7020,0.0734,0.2666,0.3963,0.1931,0.4537,10.2726,36.1,36.1,0,1900.8,3.748,
RND_0569,Random_50M_150M,19,544,12,4,48,32,736,38.6500,536.00,25.87,1.3381,0.1151,0.2841,0.6026,0.1690,0.3801,7.0678,35.7,36.1,0,1900.8,3.758,
RND_0570,Random_50M_150M,15,576,4,4,16,64,2176,9.6100,669.00,104.06,3.8948,0.0748,0.4642,0.7014,0.3894,1.8079,47.3959,36.1,35.7,0,1900.8,3.749,
RND_0571,Random_50M_150M,8,480,4,1,32,32,2464,45.5900,411.00,21.93,1.0910,0.0550,0.2584,0.3266,0.2035,0.2819,6.9363,35.7,35.4,0,1900.8,3.745,
RND_0572,Random_50M_150M,14,352,8,2,64,64,1824,25.7900,770.00,38.77,1.9720,0.2669,0.5294,0.8155,0.2624,1.0439,16.1719,32.7,35.7,0,1900.8,4.401,
RND_0573,Random_50M_150M,21,544,1,1,48,32,960,26.8200,779.00,37.29,1.9349,0.2066,0.4743,0.7120,0.2677,0.9178,16.1879,35.4,35.4,0,1900.8,4.403,
RND_0574,Random_50M_150M,12,576,1,1,48,16,1408,23.4100,939.00,42.72,2.2632,0.2475,0.4722,0.7877,0.2247,1.0688,15.8941,34.7,35.4,0,1900.8,4.401,
RND_0575,Random_50M_150M,23,576,16,16,48,48,1824,10.6800,2487.00,93.63,5.3896,0.2249,0.5986,0.8526,0.3737,3.2262,62.9467,35.4,35.4,0,1900.8,4.380,
RND_0576,Random_50M_150M,26,480,4,2,16,64,2368,12.9600,1920.00,77.16,4.3120,0.2688,0.5720,0.8773,0.3032,2.4665,40.8558,35.7,36.4,0,1900.8,4.390,
RND_0577,Random_50M_150M,19,608,1,1,16,32,3072,12.7200,2087.00,78.62,4.5241,0.2333,0.5620,1.0472,0.3287,2.5426,46.4673,35.1,36.4,0,1900.8,4.385,
RND_0578,Random_50M_150M,11,640,4,2,64,64,1216,9.4200,546.00,106.16,3.8369,0.3437,0.5621,0.8254,0.2184,2.1566,26.1839,35.1,36.8,0,1900.8,4.381,
RND_0579,Random_50M_150M,21,576,12,3,16,16,1600,6.2800,1044.00,159.24,5.9803,0.2547,0.5934,0.8655,0.3387,3.5486,63.2998,36.4,36.4,0,1900.8,4.375,
RND_0580,Random_50M_150M,25,512,16,16,16,48,2080,10.9400,2311.00,91.41,5.1446,0.2447,0.6173,1.0576,0.3726,3.1756,59.8970,36.8,37.1,0,1900.8,4.372,
RND_0581,Random_50M_150M,23,384,6,2,64,16,1312,23.3100,844.00,42.90,2.1739,0.2149,0.5206,0.7320,0.3057,1.1317,20.7674,37.1,36.8,0,1900.8,4.373,
RND_0582,Random_50M_150M,25,384,16,1,32,64,2080,15.2900,1628.00,65.40,3.6555,0.2333,0.5946,0.7935,0.3612,2.1735,41.2651,37.1,37.5,0,1900.8,4.368,
RND_0583,Random_50M_150M,23,640,1,1,64,16,1088,16.5600,1606.00,60.39,3.4780,0.2710,0.4925,0.8001,0.2214,1.7128,24.0669,36.8,37.1,0,1900.8,4.362,
RND_0584,Random_50M_150M,6,640,2,2,32,16,3392,25.5100,790.00,39.20,2.0052,0.2936,0.6157,0.7417,0.3221,1.2345,20.1825,36.4,37.8,0,1900.8,4.360,
RND_0585,Random_50M_150M,26,480,2,2,16,48,2496,13.4500,1971.00,74.35,4.2758,0.2632,0.5991,0.9721,0.3358,2.5616,44.8757,37.1,38.1,0,1900.8,4.357,
RND_0586,Random_50M_150M,11,512,6,1,64,32,2784,22.5600,1124.00,44.33,2.4981,0.2946,0.5233,0.9625,0.2287,1.3073,17.8499,37.8,37.5,0,1900.8,4.356,
RND_0587,Random_50M_150M,10,576,2,1,32,48,2016,24.7400,755.00,40.42,2.0080,0.2411,0.4261,0.6725,0.1850,0.8556,11.6112,37.5,37.8,0,1900.8,4.355,
RND_0588,Random_50M_150M,12,576,6,6,16,64,2368,7.2000,888.00,138.89,5.1936,0.2758,0.6030,1.0711,0.3273,3.1319,53.1144,37.5,38.1,0,1900.8,4.353,
RND_0589,Random_50M_150M,19,608,1,1,64,32,2752,13.6900,1965.00,73.05,4.2294,0.2596,0.5619,0.9799,0.3023,2.3764,39.9570,37.8,38.5,0,1900.8,4.339,
RND_0590,Random_50M_150M,22,448,16,16,64,16,2144,12.4700,1843.00,80.19,4.3290,0.2670,0.6254,0.8924,0.3583,2.7073,48.4766,37.8,38.5,0,1900.8,4.340,
RND_0591,Random_50M_150M,14,448,4,1,32,64,2304,8.4900,704.00,117.79,4.3554,0.2549,0.6180,0.8635,0.3631,2.6916,49.4198,37.5,38.1,0,1900.8,4.339,
RND_0592,Random_50M_150M,11,640,6,3,48,64,2816,6.0400,1010.00,165.56,6.1425,0.2330,0.6207,0.8476,0.3877,3.8124,74.4152,37.5,38.1,0,1900.8,4.335,
RND_0593,Random_50M_150M,21,512,12,6,32,64,1280,6.7200,1010.00,148.81,5.6231,0.2803,0.6278,0.8030,0.3475,3.5300,61.0611,38.1,38.5,0,1900.8,4.331,
RND_0594,Random_50M_150M,23,480,8,2,64,48,576,25.8500,747.00,38.68,1.9462,0.2590,0.6485,0.8984,0.3894,1.2621,23.6846,38.1,37.8,0,1900.8,4.329,
RND_0595,Random_50M_150M,24,512,6,2,32,32,1056,21.3600,1019.00,46.82,2.4703,0.2982,0.5340,0.8336,0.2357,1.3191,18.1971,38.8,39.2,0,1900.8,4.322,
RND_0596,Random_50M_150M,20,384,4,4,48,48,1984,7.6200,787.00,131.23,4.8552,0.2610,0.6164,0.8541,0.3554,2.9928,53.9211,39.2,38.5,0,1900.8,4.320,
RND_0597,Random_50M_150M,26,448,6,1,64,48,1408,17.2500,1246.00,57.97,3.0431,0.2661,0.5642,0.8895,0.2981,1.7169,28.3515,38.5,37.8,0,1900.8,4.313,
RND_0598,Random_50M_150M,13,608,4,4,64,64,1664,21.8500,1007.00,45.77,2.4258,0.2840,0.4722,0.7406,0.1882,1.1455,14.2678,38.1,38.5,0,1900.8,4.315,
RND_0599,Random_50M_150M,12,608,1,1,48,64,2272,20.3800,1087.00,49.07,2.6081,0.2460,0.4988,0.7675,0.2527,1.3009,20.5993,38.5,39.2,0,1900.8,4.309,
RND_0600,Random_50M_150M,26,416,16,16,16,48,928,18.2200,1188.00,54.88,2.8894,0.2497,0.5610,0.8329,0.3113,1.6211,28.1113,38.5,39.2,0,1900.8,4.307,
RND_0601,Random_50M_150M,23,544,8,4,64,48,928,17.2700,1134.00,57.90,2.9290,0.2452,0.5306,0.9314,0.2855,1.5543,26.1298,38.1,38.5,0,1900.8,4.303,
RND_0602,Random_50M_150M,15,512,6,2,32,32,1984,7.9700,765.00,125.47,4.6546,0.2567,0.5927,0.8058,0.3361,2.7589,48.8838,39.2,39.2,0,1900.8,4.297,
RND_0603,Random_50M_150M,22,416,1,1,16,16,1344,19.4600,1189.00,51.39,2.7820,0.2907,0.5428,0.9289,0.2521,1.5100,21.9158,38.8,39.2,0,1900.8,4.296,
RND_0604,Random_50M_150M,21,416,4,4,64,48,2272,15.9300,1360.00,62.77,3.3060,0.3195,0.6021,0.9982,0.2826,1.9907,29.1989,39.2,38.1,0,1900.8,4.294,
RND_0605,Random_50M_150M,15,448,12,3,64,16,1056,28.6800,631.00,34.87,1.7119,0.2846,0.4570,0.6784,0.1724,0.7823,9.2247,38.8,39.2,0,1900.8,4.284,
RND_0606,Random_50M_150M,15,512,16,2,48,16,2560,6.1700,1055.00,162.07,6.0793,0.2317,0.6183,0.8727,0.3866,3.7590,73.4493,38.8,39.2,0,1900.8,4.283,
RND_0607,Random_50M_150M,20,512,4,4,64,32,1888,14.4600,1737.00,69.16,3.8808,0.2665,0.5991,0.9830,0.3326,2.3251,40.3378,38.8,38.8,0,1900.8,4.280,
RND_0608,Random_50M_150M,13,544,16,16,48,16,992,22.6900,777.00,44.07,2.1432,0.2325,0.4527,0.7035,0.2202,0.9702,14.7473,38.1,39.5,0,1900.8,4.276,
RND_0609,Random_50M_150M,19,576,6,3,16,16,1216,20.5300,967.00,48.71,2.4770,0.2723,0.4873,0.7110,0.2149,1.2069,16.6377,38.8,39.5,0,1900.8,4.269,
RND_0610,Random_50M_150M,12,416,16,16,16,32,1824,21.8300,752.00,45.81,2.1721,0.2521,0.4959,0.7245,0.2438,1.0771,16.5500,39.5,39.5,0,1900.8,4.261,
RND_0611,Random_50M_150M,21,640,4,1,48,16,1792,5.5100,1171.00,181.49,6.7971,0.2883,0.6118,0.8869,0.3234,4.1582,68.7026,38.1,39.8,0,1900.8,4.263,
RND_0612,Random_50M_150M,21,416,1,1,64,64,1888,20.8100,1128.00,48.05,2.6177,0.2715,0.5757,0.8590,0.3042,1.5071,24.8868,38.5,38.8,0,1900.8,4.266,
RND_0613,Random_50M_150M,15,640,12,4,16,32,2144,18.0900,1405.00,55.28,3.1187,0.2593,0.5265,0.7699,0.2671,1.6419,26.0331,39.2,38.5,0,1900.8,4.255,
RND_0614,Random_50M_150M,28,416,4,2,48,32,704,26.8900,677.00,37.19,1.8298,0.2754,0.5184,0.8238,0.2429,0.9485,13.8910,38.1,38.8,0,1900.8,4.256,
RND_0615,Random_50M_150M,23,576,8,8,16,48,1888,13.4200,1851.00,74.52,4.1610,0.2597,0.5873,1.0183,0.3276,2.4439,42.5994,38.8,39.2,0,1900.8,4.243,
RND_0616,Random_50M_150M,12,480,16,2,48,64,1696,23.7400,1001.00,42.12,2.3068,0.2932,0.4981,0.8711,0.2049,1.1491,14.7702,38.8,38.8,0,1900.8,4.239,
RND_0617,Random_50M_150M,27,512,8,2,16,64,2240,4.4600,1579.00,224.22,8.5297,0.3278,0.6481,0.8466,0.3204,5.5282,85.3911,39.2,39.2,0,1900.8,4.235,
RND_0618,Random_50M_150M,18,384,16,2,64,32,1536,8.7200,827.00,114.68,4.3820,0.2763,0.6302,0.8513,0.3539,2.7616,48.4609,39.2,39.5,0,1900.8,4.233,
RND_0619,Random_50M_150M,13,480,4,4,64,64,1376,25.5800,669.00,39.09,1.8809,0.5056,0.6103,0.8558,0.1047,1.1479,6.1515,38.5,39.5,0,1900.8,4.229,
RND_0620,Random_50M_150M,13,544,1,1,16,32,2016,24.9200,881.00,40.13,2.1250,0.2551,0.4400,0.6642,0.1849,0.9350,12.2795,38.8,39.8,0,1900.8,4.225,
RND_0621,Random_50M_150M,8,544,1,1,16,16,1856,26.5400,790.00,37.68,1.9580,0.2905,0.4618,0.7261,0.1713,0.9042,10.4818,38.5,40.5,0,1900.8,4.216,
RND_0622,Random_50M_150M,22,480,12,1,32,16,2368,14.7100,1632.00,67.98,3.7394,0.2936,0.5746,0.9424,0.2810,2.1486,32.8309,39.2,39.5,0,1900.8,4.220,
RND_0623,Random_50M_150M,24,352,12,12,32,64,1888,14.9100,1463.00,67.07,3.5421,0.2859,0.5972,0.8806,0.3113,2.1155,34.4588,38.5,39.8,0,1900.8,4.208,
RND_0624,Random_50M_150M,27,448,8,1,16,48,1600,6.4600,1045.00,154.80,5.8438,0.5094,0.6489,0.9032,0.1396,3.7922,25.4872,39.5,39.5,0,1900.8,4.196,
RND_0625,Random_50M_150M,28,448,1,1,32,32,1920,15.2900,1529.00,65.40,3.5565,0.2391,0.5814,0.9049,0.3424,2.0678,38.0504,39.2,39.8,0,1900.8,4.202,
RND_0626,Random_50M_150M,17,640,1,1,16,32,1984,19.0200,1444.00,52.58,3.0739,0.2722,0.4948,0.7781,0.2226,1.5209,21.3798,39.5,39.5,0,1900.8,4.190,
RND_0627,Random_50M_150M,21,608,4,4,32,48,1920,15.0300,1675.00,66.53,3.7375,0.2877,0.5423,0.8187,0.2546,2.0268,29.7372,38.8,39.2,0,1900.8,4.189,
RND_0628,Random_50M_150M,13,512,2,1,48,48,1760,25.9200,789.00,38.58,1.9850,0.2838,0.4659,0.8169,0.1821,0.9247,11.2946,39.2,39.5,0,1900.8,4.182,
RND_0629,Random_50M_150M,16,544,2,2,48,16,1664,23.0500,932.00,43.38,2.2769,0.2508,0.4933,0.7114,0.2425,1.1232,17.2553,39.8,38.8,0,1900.8,4.180,
RND_0630,Random_50M_150M,13,448,16,4,16,48,1984,8.9500,705.00,111.73,4.1687,0.2991,0.6228,0.8545,0.3237,2.5964,42.1708,39.2,38.8,0,1900.8,4.170,
RND_0631,Random_50M_150M,14,608,8,2,64,48,2400,16.5200,1479.00,60.53,3.3555,0.2506,0.5144,0.7672,0.2638,1.7260,27.6603,39.5,39.5,0,1900.8,4.172,
RND_0632,Random_50M_150M,6,576,12,3,16,16,2368,11.5100,634.00,86.88,3.3273,0.4395,0.6586,1.1145,0.2191,2.1915,22.7846,39.2,40.2,0,1900.8,4.168,
RND_0633,Random_50M_150M,21,576,12,12,64,48,1088,5.4400,1219.00,183.82,6.9175,0.2347,0.6313,0.9951,0.3966,4.3668,85.7313,38.8,38.5,0,1900.8,4.157,
RND_0634,Random_50M_150M,23,480,4,2,64,48,1600,17.3700,1316.00,57.57,3.1007,0.2742,0.5286,0.7722,0.2545,1.6391,24.6578,39.8,40.2,0,1900.8,4.157,
RND_0635,Random_50M_150M,22,416,4,2,48,64,928,26.5000,682.00,37.74,1.8518,0.2860,0.4930,0.7010,0.2070,0.9130,11.9791,39.2,39.8,0,1900.8,4.153,
RND_0636,Random_50M_150M,13,576,6,3,48,48,704,30.0400,551.00,33.29,1.5830,0.2779,0.4351,0.6991,0.1572,0.6888,7.7785,39.5,38.8,0,1900.8,4.150,
RND_0637,Random_50M_150M,9,608,1,1,64,64,3232,21.1300,1150.00,47.33,2.6171,0.2212,0.5379,0.9456,0.3167,1.4078,25.9042,38.5,38.8,0,1900.8,4.145,
RND_0638,Random_50M_150M,15,448,6,3,48,48,1440,25.2200,769.00,39.65,1.9982,0.2683,0.4624,0.6874,0.1941,0.9240,12.1176,39.8,38.8,0,1900.8,4.141,
RND_0639,Random_50M_150M,15,640,12,1,32,32,864,23.9400,731.00,41.77,2.0259,0.2765,0.4144,0.5798,0.1379,0.8395,8.7291,39.5,39.5,0,1900.8,4.133,
RND_0640,Random_50M_150M,12,384,16,1,64,48,1952,23.7700,763.00,42.07,2.0672,0.2805,0.5393,0.8479,0.2588,1.1149,16.7209,38.8,38.8,0,1900.8,4.134,
RND_0641,Random_50M_150M,28,480,8,8,64,32,928,15.5700,1290.00,64.23,3.2810,0.2556,0.5439,0.8615,0.2882,1.7844,29.5520,39.5,39.2,0,1900.8,4.126,
RND_0642,Random_50M_150M,26,576,12,2,32,16,864,18.2700,1041.00,54.73,2.7378,0.2912,0.5031,0.6630,0.2119,1.3773,18.1269,39.2,40.2,0,1900.8,4.115,
RND_0643,Random_50M_150M,25,576,6,2,32,48,1664,14.9400,1658.00,66.93,3.7330,0.2343,0.5500,0.9445,0.3157,2.0530,36.8224,38.5,39.2,0,1900.8,4.108,
RND_0644,Random_50M_150M,10,480,16,8,32,48,1984,22.3000,844.00,44.84,2.2341,0.4783,0.5454,0.8698,0.0671,1.2185,4.6820,38.5,39.5,0,1900.8,4.112,
RND_0645,Random_50M_150M,8,576,2,2,64,32,3008,8.6600,737.00,115.47,4.3167,0.3134,0.5915,0.8335,0.2782,2.5535,37.5257,38.8,39.8,0,1900.8,4.089,
RND_0646,Random_50M_150M,26,608,2,1,48,16,1312,17.1300,1343.00,58.38,3.1527,0.2785,0.5190,0.7721,0.2405,1.6361,23.6907,39.8,39.8,0,1900.8,4.102,
RND_0647,Random_50M_150M,5,576,6,6,32,48,2688,31.3800,575.00,31.87,1.5629,0.2663,0.4375,0.7143,0.1712,0.6837,8.3619,39.8,39.2,0,1900.8,4.098,
RND_0648,Random_50M_150M,7,544,1,1,48,48,2944,22.8400,991.00,43.78,2.3483,0.2840,0.4734,0.7583,0.1893,1.1116,13.8928,39.5,38.8,0,1900.8,4.090,
RND_0649,Random_50M_150M,22,320,12,6,32,64,1408,9.2100,818.00,108.58,4.1839,0.2830,0.6428,0.8084,0.3598,2.6896,47.0427,38.8,39.5,0,1900.8,4.084,
RND_0650,Random_50M_150M,24,608,4,4,64,64,992,16.9400,1240.00,59.03,3.0700,0.2650,0.5139,0.7065,0.2489,1.5777,23.8824,39.2,38.8,0,1900.8,4.082,
RND_0651,Random_50M_150M,25,448,12,12,64,16,1856,5.0700,1351.00,197.24,7.4654,0.3014,0.6450,0.8737,0.3436,4.8151,80.1549,38.8,39.8,0,1900.8,4.079,
RND_0652,Random_50M_150M,25,576,8,8,32,32,832,6.8700,890.00,145.56,5.4024,0.3038,0.6002,0.8734,0.2963,3.2422,50.0284,39.8,39.5,0,1900.8,4.072,
RND_0653,Random_50M_150M,18,576,1,1,32,16,2304,13.3000,2106.00,75.19,4.4368,0.2891,0.5632,0.9237,0.2741,2.4986,37.9986,38.8,39.2,0,1900.8,4.066,
RND_0655,Random_50M_150M,14,576,12,12,32,16,1600,7.1900,913.00,139.08,5.2245,0.2562,0.5873,0.7824,0.3311,3.0685,54.0623,36.1,37.5,0,1900.8,4.061,
RND_0656,Random_50M_150M,24,576,16,4,32,32,1472,5.5500,1282.00,180.18,6.8676,0.4741,0.6129,0.8553,0.1389,4.2094,29.8075,38.5,38.1,0,1900.8,4.042,
RND_0657,Random_50M_150M,13,480,12,3,32,32,1312,26.8900,671.00,37.19,1.8238,0.2864,0.4276,0.6889,0.1412,0.7799,8.0505,38.1,38.5,0,1900.8,4.051,
RND_0658,Random_50M_150M,28,416,4,2,64,48,1408,17.8700,1224.00,55.96,2.9588,0.3229,0.5514,0.8651,0.2286,1.6316,21.1348,38.1,38.8,0,1900.8,4.040,
RND_0659,Random_50M_150M,18,416,6,2,64,48,1120,27.3600,731.00,36.55,1.8640,0.2693,0.4722,0.6707,0.2029,0.8803,11.8195,38.8,38.5,0,1900.8,4.038,
RND_0660,Random_50M_150M,22,640,8,2,16,16,2400,11.9800,2168.00,83.47,4.7556,0.2676,0.5759,1.0334,0.3083,2.7388,45.8126,38.5,38.5,0,1900.8,4.031,
RND_0661,Random_50M_150M,21,384,6,3,48,64,1632,17.5800,1057.00,56.88,2.8204,0.2583,0.5895,1.0327,0.3311,1.6625,29.1824,38.8,38.8,0,1900.8,4.020,
RND_0662,Random_50M_150M,6,512,4,1,32,32,2816,11.8500,426.00,84.39,3.0420,0.2841,0.5619,0.8968,0.2777,1.7093,26.4021,38.5,38.1,0,1900.8,4.024,
RND_0663,Random_50M_150M,25,512,2,2,16,48,2048,14.9800,1662.00,66.76,3.7314,0.2253,0.5661,0.8944,0.3408,2.1124,39.7424,38.1,39.2,0,1900.8,4.021,
RND_0664,Random_50M_150M,16,608,12,4,16,16,2496,15.6700,1593.00,63.82,3.5713,0.2388,0.5304,0.7319,0.2916,1.8942,32.5468,38.8,39.8,0,1900.8,4.013,
RND_0666,Random_50M_150M,25,384,4,1,48,64,928,27.7800,761.00,36.00,1.8769,0.2574,0.5281,0.7786,0.2707,0.9911,15.8759,38.5,39.5,0,1900.8,4.002,
RND_0667,Random_50M_150M,9,512,4,4,16,64,1696,31.0600,521.00,32.20,1.5191,0.2768,0.4247,0.5587,0.1479,0.6451,7.0188,38.8,38.8,0,1900.8,4.003,
RND_0668,Random_50M_150M,10,480,6,2,64,32,2464,25.0600,792.00,39.90,2.0290,0.2612,0.4579,0.6613,0.1966,0.9290,12.4681,38.5,38.5,0,1900.8,3.999,
RND_0669,Random_50M_150M,9,640,1,1,32,16,1184,27.2200,677.00,36.74,1.8159,0.2373,0.3945,0.5785,0.1572,0.7163,8.9195,38.5,38.5,0,1900.8,3.995,
RND_0670,Random_50M_150M,8,544,16,4,16,48,1824,27.7800,665.00,36.00,1.7809,0.2823,0.4181,0.7317,0.1359,0.7447,7.5615,38.5,38.5,0,1900.8,3.994,
RND_0671,Random_50M_150M,16,448,6,3,16,32,1760,20.3500,850.00,49.14,2.3733,0.2612,0.4936,0.7148,0.2324,1.1715,17.2331,39.2,38.8,0,1900.8,3.987,
RND_0672,Random_50M_150M,20,480,16,2,48,16,1760,16.5700,1303.00,60.35,3.1739,0.2376,0.5456,0.8874,0.3080,1.7317,30.5454,37.8,39.2,0,1900.8,3.981,
RND_0673,Random_50M_150M,24,512,8,4,64,48,2400,10.3200,2166.00,96.90,5.1699,0.2688,0.6218,1.0274,0.3530,3.2145,57.0248,39.2,39.8,0,1900.8,3.974,
RND_0674,Random_50M_150M,12,480,16,2,16,32,2400,23.0100,976.00,43.46,2.3232,0.2773,0.5003,0.6939,0.2229,1.1623,16.1858,39.2,38.8,0,1900.8,3.974,
RND_0675,Random_50M_150M,19,480,12,12,48,64,1408,16.6200,1410.00,60.17,3.2752,0.2487,0.5367,0.7857,0.2880,1.7580,29.4779,38.5,39.2,0,1900.8,3.964,
RND_0676,Random_50M_150M,18,512,6,3,48,64,1312,19.0400,968.00,52.52,2.5962,0.2503,0.5022,0.7708,0.2518,1.3037,20.4319,38.5,40.2,0,1900.8,3.961,
RND_0677,Random_50M_150M,22,448,4,4,64,16,928,23.3600,710.00,42.81,2.0371,0.2824,0.4847,0.7732,0.2023,0.9873,12.8764,39.5,38.8,0,1900.8,3.957,
RND_0678,Random_50M_150M,17,640,16,8,48,16,2112,5.0300,1448.00,198.81,7.6110,0.2496,0.6299,0.8775,0.3803,4.7945,90.4599,39.2,39.8,0,1900.8,3.955,
RND_0679,Random_50M_150M,23,544,4,1,64,64,672,23.4700,815.00,42.61,2.1358,0.2917,0.4587,0.7102,0.1670,0.9796,11.1475,39.2,39.2,0,1900.8,3.938,
RND_0680,Random_50M_150M,28,576,8,8,32,32,1664,4.5600,1525.00,219.30,8.3232,0.2974,0.6332,0.8187,0.3358,5.2705,87.3413,39.8,39.2,0,1900.8,3.938,
RND_0682,Random_50M_150M,8,608,12,2,48,64,3168,19.5600,1112.00,51.12,2.6969,0.2253,0.5052,0.7737,0.2799,1.3625,23.5897,39.5,39.8,0,1900.8,3.937,
RND_0683,Random_50M_150M,17,544,4,4,16,48,1184,25.4500,816.00,39.29,2.0341,0.2817,0.4670,0.7551,0.1853,0.9498,11.7764,39.2,38.5,0,1900.8,3.931,
RND_0684,Random_50M_150M,22,480,6,1,32,32,2464,14.2400,1682.00,70.22,3.8590,0.2450,0.5905,1.1203,0.3455,2.2787,41.6697,38.8,39.8,0,1900.8,3.926,
RND_0685,Random_50M_150M,25,416,2,2,16,16,2016,15.9000,1307.00,62.89,3.2567,0.2527,0.5875,0.9761,0.3349,1.9134,34.0782,39.5,39.8,0,1900.8,3.926,
RND_0687,Random_50M_150M,22,512,16,1,48,64,1408,6.0900,1153.00,164.20,6.2433,0.2739,0.6261,1.0641,0.3522,3.9088,68.7209,39.5,39.8,0,1900.8,3.917,
RND_0688,Random_50M_150M,27,608,1,1,16,32,1376,17.3000,1443.00,57.80,3.2349,0.2961,0.4960,0.8016,0.1999,1.6045,20.2058,39.8,39.8,0,1900.8,3.913,
RND_0689,Random_50M_150M,16,480,6,2,64,64,1216,23.9400,784.00,41.77,2.0789,0.2754,0.5041,0.7785,0.2288,1.0481,14.8627,39.8,39.2,0,1900.8,3.908,
RND_0690,Random_50M_150M,15,608,4,2,48,16,2784,16.3000,1579.00,61.35,3.4808,0.2658,0.5145,0.7601,0.2487,1.7907,27.0473,39.2,39.8,0,1900.8,3.903,
RND_0691,Random_50M_150M,20,384,2,2,32,64,1248,26.5400,677.00,37.68,1.8450,0.2702,0.4784,0.6474,0.2082,0.8827,12.0050,38.8,39.2,0,1900.8,3.900,
RND_0692,Random_50M_150M,23,416,8,4,48,48,1920,16.4500,1388.00,60.79,3.2725,0.2879,0.5709,0.8694,0.2830,1.8683,28.9425,39.5,39.8,0,1900.8,3.900,
RND_0693,Random_50M_150M,21,544,16,1,16,16,2816,12.9900,2103.00,76.98,4.4895,0.2941,0.5957,0.8813,0.3016,2.6742,42.3105,39.8,39.8,0,1900.8,3.892,
RND_0694,Random_50M_150M,13,576,2,2,32,16,3104,17.6500,1427.00,56.66,3.1834,0.2265,0.5165,0.7673,0.2900,1.6443,28.8509,39.2,39.5,0,1900.8,3.889,
RND_0695,Random_50M_150M,4,640,4,1,32,32,2656,32.3600,450.00,30.90,1.4080,0.2459,0.3919,0.5430,0.1460,0.5518,6.4244,39.8,39.5,0,1900.8,3.882,
RND_0696,Random_50M_150M,17,416,12,12,64,64,1472,19.1100,1154.00,52.33,2.7762,0.2529,0.5336,0.8056,0.2808,1.4815,24.3581,38.8,39.5,0,1900.8,3.874,
RND_0697,Random_50M_150M,18,544,4,1,32,64,1088,40.1000,534.00,24.94,1.3071,0.1124,0.3296,0.4179,0.2172,0.4308,8.8720,39.8,37.8,0,1900.8,3.891,
RND_0698,Random_50M_150M,26,288,16,4,16,32,1376,35.7600,616.00,27.96,1.4829,0.1050,0.3881,0.5953,0.2831,0.5756,13.1186,37.1,37.5,0,1900.8,3.885,
RND_0699,Random_50M_150M,28,320,1,1,16,16,1760,28.2800,1044.00,35.36,2.1402,0.1766,0.4439,0.7107,0.2672,0.9499,17.8726,36.8,37.5,0,1900.8,3.885,
RND_0700,Random_50M_150M,11,544,6,6,32,16,1344,43.3600,382.00,23.06,1.0969,0.1115,0.2542,0.3509,0.1427,0.2789,4.8918,37.1,36.4,0,1900.8,3.888,
RND_0701,Random_50M_150M,7,608,16,16,16,64,2048,41.5500,579.00,24.07,1.3251,0.1305,0.3112,0.4839,0.1807,0.4124,7.4825,37.1,36.4,0,1900.8,3.882,
RND_0702,Random_50M_150M,13,608,16,8,64,64,2944,21.6200,1519.00,46.25,2.9529,0.0992,0.4076,0.6434,0.3085,1.2036,28.4631,36.4,36.8,0,1900.8,3.874,
RND_0703,Random_50M_150M,21,416,16,8,64,48,640,28.7000,624.00,34.84,1.7041,0.3302,0.3989,0.6262,0.0688,0.6798,3.6624,36.4,36.4,0,1900.8,3.874,
RND_0704,Random_50M_150M,9,608,8,1,32,16,3168,32.7300,833.00,30.55,1.7801,0.1099,0.2960,0.4654,0.1861,0.5270,10.3514,36.1,35.7,0,1900.8,3.878,
RND_0705,Random_50M_150M,28,576,12,1,32,64,1504,19.5300,1427.00,51.20,3.0143,0.1104,0.4171,0.6937,0.3067,1.2571,28.8855,35.1,37.1,0,1900.8,3.868,
RND_0706,Random_50M_150M,24,608,12,3,48,32,1536,20.9300,1278.00,47.78,2.7591,0.1084,0.3559,0.5980,0.2475,0.9820,21.3379,36.1,35.4,0,1900.8,3.867,
RND_0707,Random_50M_150M,25,512,8,4,16,32,1152,11.1600,550.00,89.61,3.3278,0.0977,0.4678,0.7916,0.3701,1.5568,38.4886,36.1,35.7,0,1900.8,3.864,
RND_0708,Random_50M_150M,18,576,6,1,16,32,2944,7.1900,1037.00,139.08,5.3485,0.1133,0.5484,0.8530,0.4352,2.9334,72.7391,36.1,35.4,0,1900.8,3.863,
RND_0709,Random_50M_150M,14,480,6,3,16,64,1344,39.6900,485.00,25.20,1.2661,0.1040,0.3513,0.7243,0.2473,0.4448,9.7855,35.4,35.4,0,1900.8,3.859,
RND_0711,Random_50M_150M,12,512,12,3,32,16,2016,37.5800,645.00,26.61,1.4699,0.0886,0.2624,0.3986,0.1738,0.3857,7.9857,35.7,35.4,0,1900.8,3.858,
RND_0712,Random_50M_150M,24,576,16,4,64,64,1216,7.4300,982.00,134.59,5.1543,0.1020,0.5285,0.7249,0.4265,2.7242,68.7022,34.7,35.7,0,1900.8,3.852,
RND_0713,Random_50M_150M,21,416,1,1,32,32,2144,27.9300,857.00,35.80,1.9669,0.1182,0.3771,0.6815,0.2589,0.7416,15.9109,35.1,34.7,0,1900.8,3.857,
RND_0714,Random_50M_150M,11,512,2,1,32,64,2048,14.4500,379.00,69.20,2.5243,0.1224,0.4107,0.6727,0.2883,1.0367,22.7396,35.4,35.7,0,1900.8,3.848,
RND_0715,Random_50M_150M,17,448,1,1,16,64,1856,13.2800,459.00,75.30,2.7933,0.0990,0.4763,0.6858,0.3773,1.3304,32.9359,35.1,34.7,0,1900.8,3.851,
RND_0716,Random_50M_150M,20,448,6,1,16,16,1312,34.6000,530.00,28.90,1.4260,0.0989,0.2544,0.3847,0.1555,0.3628,6.9296,34.7,35.1,0,1900.8,3.850,
RND_0717,Random_50M_150M,26,384,8,4,64,32,1504,28.2100,832.00,35.45,1.9309,0.1168,0.3782,0.5985,0.2614,0.7303,15.7742,34.7,35.4,0,1900.8,3.847,
RND_0718,Random_50M_150M,11,608,1,1,32,48,2880,23.1900,1219.00,43.12,2.5558,0.1179,0.3648,0.5844,0.2469,0.9324,19.7182,34.7,34.7,0,1900.8,3.846,
RND_0719,Random_50M_150M,16,608,1,1,32,48,2880,18.2900,1940.00,54.67,3.6349,0.1106,0.4411,0.6957,0.3305,1.6033,37.5441,34.7,35.4,0,1900.8,3.837,
RND_0720,Random_50M_150M,21,448,4,1,64,48,2368,9.1800,751.00,108.93,4.1279,0.1213,0.5226,0.7279,0.4012,2.1572,51.7594,34.7,35.1,0,1900.8,3.840,
RND_0721,Random_50M_150M,17,448,16,8,16,48,2240,9.8600,676.00,101.42,3.8200,0.0999,0.5219,0.7740,0.4220,1.9938,50.3821,34.7,36.1,0,1900.8,3.837,
RND_0722,Random_50M_150M,26,512,2,2,32,16,2720,17.6700,1575.00,56.59,3.3294,0.0951,0.4572,0.7200,0.3622,1.5223,37.6802,34.7,35.1,0,1900.8,3.833,
RND_0723,Random_50M_150M,15,640,8,8,64,16,2752,7.1600,1004.00,139.66,5.3336,0.1122,0.5327,0.8081,0.4206,2.8414,70.1011,34.0,34.7,0,1900.8,3.830,
RND_0724,Random_50M_150M,11,512,6,3,48,48,1632,41.9500,504.00,23.84,1.2430,0.0943,0.3042,0.5759,0.2099,0.3782,8.1531,35.4,35.1,0,1900.8,3.830,
RND_0725,Random_50M_150M,25,448,16,4,48,32,960,10.4900,565.00,95.33,3.5202,0.0912,0.4888,0.7314,0.3976,1.7206,43.7333,34.7,35.1,0,1900.8,3.827,
RND_0726,Random_50M_150M,16,544,12,2,64,32,2112,23.8300,994.00,41.96,2.2949,0.1009,0.3599,0.5900,0.2589,0.8258,18.5682,34.4,34.7,0,1900.8,3.831,
RND_0727,Random_50M_150M,5,640,4,4,16,16,2144,55.7600,349.00,17.93,0.9050,0.1020,0.3088,0.4115,0.2069,0.2795,5.8497,35.1,35.1,0,1900.8,3.822,
RND_0728,Random_50M_150M,11,480,4,1,64,32,2624,35.8000,614.00,27.93,1.4799,0.0974,0.3369,0.7557,0.2394,0.4985,11.0740,34.4,34.4,0,1900.8,3.822,
RND_0729,Random_50M_150M,15,480,8,1,16,16,1952,36.4300,615.00,27.45,1.4659,0.3243,0.4241,0.7768,0.0998,0.6216,4.5715,35.1,34.0,0,1900.8,3.820,
RND_0730,Random_50M_150M,27,512,1,1,64,48,2656,13.5500,2492.00,73.80,4.7798,0.1195,0.5405,0.9019,0.4209,2.5833,62.8711,34.4,35.1,0,1900.8,3.825,
RND_0731,Random_50M_150M,20,544,6,6,32,48,992,34.4400,656.00,29.04,1.5561,0.1120,0.3180,0.6767,0.2060,0.4949,10.0181,34.7,35.1,0,1900.8,3.821,
RND_0732,Random_50M_150M,19,352,12,3,32,32,1440,38.9000,532.00,25.71,1.3289,0.1199,0.3682,0.6029,0.2483,0.4892,10.3111,34.7,34.4,0,1900.8,3.820,
RND_0733,Random_50M_150M,23,576,4,1,64,64,2336,21.1000,1558.00,47.39,3.0272,0.0967,0.4163,0.7677,0.3195,1.2601,30.2290,33.7,34.0,0,1900.8,3.816,
RND_0734,Random_50M_150M,6,608,16,1,16,48,1696,52.6300,389.00,19.00,0.9780,0.1144,0.2927,0.5244,0.1783,0.2863,5.4490,34.0,34.0,0,1900.8,3.809,
RND_0735,Random_50M_150M,15,608,8,8,64,16,992,34.8300,589.00,28.71,1.4790,0.1009,0.3320,0.4695,0.2312,0.4911,10.6839,34.0,33.7,0,1900.8,3.818,
RND_0736,Random_50M_150M,17,384,8,8,32,32,1568,35.8000,593.00,27.93,1.4589,0.1184,0.3492,0.6385,0.2308,0.5095,10.5242,33.7,34.0,0,1900.8,3.821,
RND_0737,Random_50M_150M,24,416,2,1,48,64,1792,28.1600,799.00,35.51,1.8999,0.1249,0.3795,0.6135,0.2546,0.7210,15.1185,34.7,34.4,0,1900.8,3.807,
RND_0738,Random_50M_150M,13,576,1,1,16,64,2144,34.9100,719.00,28.65,1.6070,0.1372,0.3081,0.4539,0.1709,0.4951,8.5806,34.4,33.7,0,1900.8,3.809,
RND_0739,Random_50M_150M,14,608,2,2,16,32,1600,34.9100,633.00,28.65,1.5210,0.0951,0.2844,0.4532,0.1893,0.4326,8.9985,34.4,35.1,0,1900.8,3.817,
RND_0740,Random_50M_150M,10,544,16,2,32,48,2464,33.1900,799.00,30.13,1.7330,0.0872,0.2926,0.4250,0.2054,0.5070,11.1235,34.4,34.7,0,1900.8,3.808,
RND_0741,Random_50M_150M,8,640,16,1,48,32,800,50.9900,337.00,19.61,0.9450,0.1040,0.4034,0.6522,0.2994,0.3812,8.8414,34.0,34.4,0,1900.8,3.805,
RND_0742,Random_50M_150M,10,640,16,2,32,48,2432,10.1100,658.00,98.91,3.7243,0.1566,0.4858,0.7791,0.3292,1.8094,38.3135,34.4,35.4,0,1900.8,3.798,
RND_0743,Random_50M_150M,13,544,12,6,16,64,2912,24.7600,1153.00,40.39,2.4050,0.0995,0.3836,0.6360,0.2841,0.9227,21.3557,33.7,34.0,0,1900.8,3.799,
RND_0744,Random_50M_150M,4,608,6,1,16,16,2848,54.2900,352.00,18.42,0.9230,0.1418,0.5015,0.6916,0.3597,0.4629,10.3756,33.7,34.0,0,1900.8,3.801,
RND_0745,Random_50M_150M,28,352,8,1,64,16,1792,27.1900,917.00,36.78,2.0571,0.3284,0.4296,0.6907,0.1012,0.8838,6.5042,33.7,33.7,0,1900.8,3.800,
RND_0746,Random_50M_150M,27,384,12,4,64,16,1184,30.3900,748.00,32.91,1.7681,0.1053,0.4025,0.7103,0.2972,0.7117,16.4228,34.4,33.7,0,1900.8,3.801,
RND_0747,Random_50M_150M,6,640,4,4,16,48,1664,17.1200,293.00,58.41,2.1037,0.1052,0.3105,0.6167,0.2053,0.6532,13.4941,33.7,34.0,0,1900.8,3.800,
RND_0748,Random_50M_150M,25,416,12,1,48,32,1952,25.1600,1066.00,39.75,2.2981,0.1013,0.3890,0.7022,0.2877,0.8939,20.6600,34.7,36.1,0,1900.8,3.787,
RND_0749,Random_50M_150M,21,512,8,2,48,16,1920,9.1900,783.00,108.81,4.1562,0.1048,0.5324,0.9776,0.4277,2.2129,55.5478,33.7,34.0,0,1900.8,3.792,
RND_0750,Random_50M_150M,3,640,8,4,48,32,2912,54.2000,331.00,18.45,0.9030,0.1179,0.4030,0.5682,0.2851,0.3639,8.0453,34.4,34.4,0,1900.8,3.789,
RND_0751,Random_50M_150M,28,480,16,16,48,64,1312,16.8800,1504.00,59.24,3.3405,0.1685,0.4681,0.8960,0.2997,1.5638,31.2835,33.4,34.7,0,1900.8,3.787,
RND_0752,Random_50M_150M,18,544,1,1,16,48,1664,26.9600,1102.00,37.09,2.2519,0.0967,0.3155,0.5877,0.2188,0.7105,15.3983,36.8,34.7,0,1900.8,3.794,
RND_0753,Random_50M_150M,27,352,16,2,16,32,1440,31.4400,826.00,31.81,1.8120,0.3813,0.6291,0.8756,0.2478,1.1399,14.0307,33.7,36.4,0,1363.2,3.761,
RND_0754,Random_50M_150M,13,640,8,1,64,64,2336,24.1600,1001.00,41.39,2.2841,0.0910,0.3150,0.7306,0.2240,0.7196,15.9895,36.4,34.0,0,1900.8,3.783,
RND_0755,Random_50M_150M,18,416,12,1,16,16,1216,41.5000,446.00,24.10,1.1930,0.1366,0.3028,0.4712,0.1662,0.3612,6.1972,34.0,34.7,0,1900.8,3.781,
RND_0756,Random_50M_150M,11,608,6,6,32,32,2816,29.7200,935.00,33.65,1.9781,0.0845,0.2969,0.4423,0.2124,0.5873,13.1278,34.4,34.0,0,1900.8,3.780,
RND_0757,Random_50M_150M,13,640,8,8,48,32,2560,7.8900,843.00,126.74,4.7720,0.1216,0.5212,0.8186,0.3996,2.4869,59.5869,34.7,34.7,0,1900.8,3.778,
RND_0758,Random_50M_150M,18,640,2,2,32,16,1536,28.1100,821.00,35.57,1.9238,0.0931,0.2860,0.4797,0.1928,0.5501,11.5920,34.0,34.4,0,1900.8,3.776,
RND_0759,Random_50M_150M,24,608,6,2,48,48,992,28.1300,800.00,35.55,1.9020,0.0971,0.2810,0.4098,0.1839,0.5345,10.9308,35.4,34.4,0,1900.8,3.780,
RND_0760,Random_50M_150M,17,416,8,8,16,48,1248,41.0600,503.00,24.35,1.2580,0.1230,0.2568,0.4122,0.1339,0.3231,5.2631,34.4,34.4,0,1900.8,3.777,
RND_0761,Random_50M_150M,26,576,1,1,16,48,1248,23.6800,1497.00,42.23,2.8061,0.0943,0.3616,0.5736,0.2672,1.0146,23.4331,34.0,33.7,0,1900.8,3.775,
RND_0762,Random_50M_150M,19,608,6,3,16,64,2592,20.4900,1508.00,48.80,3.0209,0.1088,0.3972,0.6693,0.2883,1.1998,27.2184,34.0,34.4,0,1900.8,3.771,
RND_0763,Random_50M_150M,15,608,1,1,64,64,2528,26.5900,1049.00,37.61,2.2149,0.1041,0.3154,0.6255,0.2114,0.6987,14.6288,34.0,34.7,0,1900.8,3.770,
RND_0764,Random_50M_150M,21,512,6,2,64,48,864,38.7500,604.00,25.81,1.4040,0.1210,0.3304,0.6250,0.2094,0.4639,9.1891,34.7,34.0,0,1900.8,3.768,
RND_0765,Random_50M_150M,23,640,6,2,16,48,960,28.0800,969.00,35.61,2.0730,0.1243,0.3050,0.4568,0.1807,0.6322,11.7034,34.0,34.4,0,1900.8,3.766,
RND_0766,Random_50M_150M,17,640,16,2,48,32,2240,7.2100,1083.00,138.70,5.3826,0.1275,0.5281,0.8720,0.4005,2.8424,67.3711,34.4,34.4,0,1900.8,3.765,
RND_0767,Random_50M_150M,13,512,2,2,64,16,1472,43.3600,474.00,23.06,1.1889,0.0973,0.2975,0.3698,0.2002,0.3537,7.4372,34.4,34.4,0,1900.8,3.773,
RND_0768,Random_50M_150M,14,576,16,1,64,48,2560,8.5400,951.00,117.10,4.5810,0.1070,0.4967,0.7539,0.3897,2.2752,55.7818,34.7,34.7,0,1900.8,3.764,
RND_0769,Random_50M_150M,19,320,12,12,48,48,1248,34.7100,623.00,28.81,1.5161,0.1197,0.3661,0.5668,0.2465,0.5551,11.6777,34.0,34.0,0,1900.8,3.763,
RND_0770,Random_50M_150M,15,480,2,2,64,64,1216,44.6700,421.00,22.39,1.1150,0.1186,0.2735,0.3605,0.1549,0.3049,5.3979,34.7,34.0,0,1900.8,3.771,
RND_0771,Random_50M_150M,11,544,6,6,48,32,1152,41.3300,381.00,24.20,1.1311,0.1212,0.2390,0.2816,0.1178,0.2703,4.1628,33.7,34.0,0,1900.8,3.762,
RND_0772,Random_50M_150M,28,576,6,2,64,32,1888,18.9700,1545.00,52.71,3.1792,0.1049,0.4281,0.8796,0.3232,1.3611,32.1082,33.7,35.4,0,1900.8,3.757,
RND_0773,Random_50M_150M,26,480,16,2,16,32,960,31.3100,732.00,31.94,1.7221,0.1123,0.2980,0.4363,0.1857,0.5132,9.9926,34.7,34.7,0,1900.8,3.757,
RND_0774,Random_50M_150M,12,512,4,4,48,16,1984,12.6200,437.00,79.24,2.8934,0.0934,0.4091,0.6664,0.3157,1.1838,28.5457,34.0,34.0,0,1900.8,3.765,
RND_0775,Random_50M_150M,25,352,16,2,48,64,608,21.0300,880.00,47.55,2.3541,0.2196,0.5556,0.8114,0.3360,1.3079,24.7197,34.7,34.0,0,1900.8,4.389,
RND_0776,Random_50M_150M,24,544,2,1,16,64,2304,13.9000,1926.00,71.94,4.1562,0.2566,0.5680,1.0046,0.3114,2.3609,40.4454,33.7,34.4,0,1900.8,4.376,
RND_0777,Random_50M_150M,25,352,12,4,48,64,800,22.2100,872.00,45.02,2.2678,0.2568,0.5358,0.8102,0.2789,1.2151,19.7683,34.7,35.1,0,1900.8,4.373,
RND_0778,Random_50M_150M,26,448,4,2,48,16,1920,5.8600,1145.00,170.65,6.4351,0.2581,0.6315,0.8142,0.3734,4.0635,75.0891,34.4,34.7,0,1900.8,4.375,
RND_0779,Random_50M_150M,19,640,1,1,16,32,1888,17.2900,1520.00,57.84,3.3129,0.2668,0.5051,0.8699,0.2383,1.6734,24.6746,35.7,36.1,0,1900.8,4.364,
RND_0781,Random_50M_150M,24,384,8,8,64,16,992,21.3100,1009.00,46.93,2.4637,0.2398,0.5183,0.8164,0.2785,1.2769,21.4400,35.1,36.4,0,1900.8,4.363,
RND_0782,Random_50M_150M,12,608,2,2,64,64,2688,17.6900,1252.00,56.53,3.0044,0.2461,0.6329,0.8285,0.3868,1.9015,36.3203,35.7,36.8,0,1900.8,4.361,
RND_0783,Random_50M_150M,27,288,16,4,64,64,1280,18.0800,1438.00,55.31,3.1526,0.2745,0.6093,0.8973,0.3349,1.9210,32.9894,36.8,36.1,0,1900.8,4.359,
RND_0784,Random_50M_150M,23,544,2,1,16,48,1632,18.3500,1297.00,54.50,2.9864,0.4588,0.5114,0.6783,0.0526,1.5273,4.9126,36.4,36.4,0,1900.8,4.354,
RND_0785,Random_50M_150M,22,544,12,2,16,16,1792,16.2000,1461.00,61.73,3.3746,0.4945,0.5488,0.9243,0.0543,1.8519,5.7259,36.1,37.5,0,1900.8,4.346,
RND_0786,Random_50M_150M,23,320,4,2,48,64,1600,9.7600,732.00,102.46,3.9082,0.2882,0.6240,0.8865,0.3358,2.4387,41.0119,36.8,36.8,0,1900.8,4.342,
RND_0787,Random_50M_150M,14,608,4,1,48,48,1920,19.8700,1074.00,50.33,2.6341,0.2539,0.4666,0.6896,0.2127,1.2291,17.5057,37.5,36.8,0,1900.8,4.353,
RND_0788,Random_50M_150M,28,352,12,4,48,32,1408,17.7500,1303.00,56.34,3.0495,0.3000,0.5955,0.9963,0.2955,1.8160,28.1564,36.8,36.8,0,1900.8,4.336,
RND_0789,Random_50M_150M,28,320,12,2,32,64,1408,8.1400,991.00,122.85,4.7994,0.2588,0.6257,0.9404,0.3669,3.0028,55.0241,36.4,37.1,0,1900.8,4.341,
RND_0790,Random_50M_150M,20,480,16,8,32,48,1440,17.5600,1304.00,56.95,3.0694,0.2851,0.5398,0.8032,0.2547,1.6568,24.4290,37.1,37.8,0,1900.8,4.337,
RND_0791,Random_50M_150M,22,640,16,1,48,32,1248,14.9800,1612.00,66.76,3.6814,0.2986,0.5236,0.7922,0.2250,1.9278,25.8875,36.8,38.5,0,1900.8,4.329,
RND_0792,Random_50M_150M,9,544,16,4,48,16,2528,23.6100,862.00,42.35,2.1750,0.3113,0.4879,0.8475,0.1766,1.0611,12.0020,38.5,38.8,0,1900.8,4.328,
RND_0793,Random_50M_150M,13,576,16,4,64,48,2656,15.3700,1588.00,65.06,3.6049,0.2999,0.5501,0.9620,0.2502,1.9831,28.1889,38.1,38.8,0,1900.8,4.317,
RND_0794,Random_50M_150M,6,640,16,1,48,32,1504,32.3600,513.00,30.90,1.4710,0.2872,0.3871,0.6277,0.0999,0.5694,4.5928,38.8,38.8,0,1900.8,4.325,
RND_0795,Random_50M_150M,6,576,16,16,64,64,1408,10.7500,526.00,93.02,3.4097,0.2496,0.5432,0.8285,0.2936,1.8520,31.2821,37.8,38.1,0,1900.8,4.321,
RND_0796,Random_50M_150M,20,384,8,1,32,64,1952,20.4200,1114.00,48.97,2.6321,0.2558,0.5351,0.8239,0.2794,1.4086,22.9776,38.8,38.5,0,1900.8,4.310,
RND_0797,Random_50M_150M,12,640,6,3,32,32,2976,15.7600,1529.00,63.45,3.4960,0.2799,0.5233,0.7390,0.2434,1.8295,26.5953,38.5,38.8,0,1900.8,4.311,
RND_0798,Random_50M_150M,21,320,16,2,32,48,1600,9.2900,787.00,107.64,4.1239,0.2417,0.6279,0.8270,0.3862,2.5895,49.7742,38.5,38.5,0,1900.8,4.311,
RND_0799,Random_50M_150M,20,576,12,1,32,64,2144,13.2800,1905.00,75.30,4.2393,0.2750,0.5538,0.9230,0.2788,2.3477,36.9311,38.5,38.8,0,1900.8,4.302,
RND_0800,Random_50M_150M,16,384,16,4,16,64,1888,21.9700,1131.00,45.52,2.5420,0.2611,0.5469,0.7627,0.2858,1.3902,22.7007,38.1,39.2,0,1900.8,4.302,
RND_0801,Random_50M_150M,10,640,6,6,64,48,1760,22.1700,931.00,45.11,2.3293,0.2874,0.4675,0.9506,0.1801,1.0889,13.1084,38.5,38.8,0,1900.8,4.297,
RND_0802,Random_50M_150M,11,480,1,1,32,64,2592,24.9200,872.00,40.13,2.1160,0.2722,0.5010,0.7572,0.2287,1.0601,15.1253,38.8,40.2,0,1900.8,4.292,
RND_0803,Random_50M_150M,8,576,4,2,48,32,1536,11.5800,414.00,86.36,3.0910,0.3833,0.5221,0.8887,0.1389,1.6139,13.4129,39.2,39.2,0,1900.8,4.290,
RND_0804,Random_50M_150M,8,608,4,1,64,16,2144,28.2800,748.00,35.36,1.8442,0.2898,0.4482,0.6942,0.1584,0.8265,9.1260,38.1,39.2,0,1900.8,4.286,
RND_0805,Random_50M_150M,26,512,6,6,64,16,2624,10.5800,2599.00,94.52,5.5291,0.2543,0.6270,0.9553,0.3727,3.4666,64.3946,38.8,39.2,0,1900.8,4.276,
RND_0806,Random_50M_150M,14,480,6,3,32,48,1184,27.0500,605.00,36.97,1.7510,0.2784,0.4497,0.6862,0.1713,0.7875,9.3752,38.5,40.2,0,1900.8,4.278,
RND_0807,Random_50M_150M,9,448,6,1,48,32,2304,10.9400,489.00,91.41,3.3226,0.4472,0.6600,1.0352,0.2128,2.1930,22.0970,39.8,39.2,0,1900.8,4.272,
RND_0808,Random_50M_150M,24,608,4,4,48,16,1760,13.2600,1784.00,75.41,4.1219,0.2290,0.5562,0.8861,0.3272,2.2927,42.1480,38.8,40.2,0,1900.8,4.266,
RND_0809,Random_50M_150M,13,640,16,8,32,64,896,7.6100,823.00,131.41,4.8966,0.2755,0.5876,0.8521,0.3120,2.8771,47.7475,39.5,39.5,0,1900.8,4.264,
RND_0810,Random_50M_150M,12,576,16,4,64,32,2688,6.1400,1110.00,162.87,6.1589,0.2865,0.6364,0.8191,0.3499,3.9192,67.3407,39.8,39.8,0,1900.8,4.259,
RND_0811,Random_50M_150M,15,416,16,2,16,64,1760,24.0300,939.00,41.61,2.2291,0.2496,0.4961,0.8185,0.2465,1.1058,17.1695,39.5,39.5,0,1900.8,4.253,
RND_0812,Random_50M_150M,7,640,16,4,64,32,2752,7.8500,757.00,127.39,4.7060,0.2468,0.5939,0.9495,0.3471,2.7950,51.0490,39.2,40.2,0,1900.8,4.246,
RND_0813,Random_50M_150M,19,608,4,4,64,64,1088,19.5600,1077.00,51.12,2.6619,0.2894,0.4746,0.6833,0.1853,1.2634,15.4105,39.5,40.5,0,1900.8,4.247,
RND_0814,Random_50M_150M,20,576,8,8,64,64,832,7.0900,923.00,141.04,5.2954,0.2394,0.5899,0.8651,0.3505,3.1239,58.0001,39.5,40.2,0,1900.8,4.244,
RND_0815,Random_50M_150M,24,480,1,1,32,64,2080,15.4300,1529.00,64.81,3.5381,0.2648,0.5592,0.9001,0.2944,1.9784,32.5451,39.5,39.5,0,1900.8,4.237,
RND_0816,Random_50M_150M,21,480,4,2,16,16,1888,20.1600,1251.00,49.60,2.7887,0.2817,0.5343,0.8471,0.2526,1.4901,22.0175,39.8,39.5,0,1900.8,4.233,
RND_0817,Random_50M_150M,20,512,12,4,48,48,2080,13.3900,1757.00,74.68,4.0722,0.3201,0.5710,1.0992,0.2508,2.3251,31.9212,38.8,39.5,0,1900.8,4.228,
RND_0818,Random_50M_150M,8,576,12,3,32,64,2784,22.9500,990.00,43.57,2.3408,0.2635,0.4907,0.8624,0.2272,1.1486,16.6193,39.2,39.8,0,1900.8,4.223,
RND_0819,Random_50M_150M,28,608,6,1,48,16,2112,11.2300,2440.00,89.05,5.2005,0.2775,0.6145,0.9579,0.3370,3.1957,54.7678,39.2,40.5,0,1900.8,4.213,
RND_0820,Random_50M_150M,12,512,4,2,32,64,1664,9.8000,562.00,102.04,3.7253,0.2489,0.5908,0.8776,0.3419,2.2008,39.8018,39.8,40.5,0,1900.8,4.209,
RND_0821,Random_50M_150M,23,416,12,4,16,16,1216,23.4700,882.00,42.61,2.2028,0.2553,0.5191,0.8172,0.2638,1.1435,18.1630,39.5,39.5,0,1900.8,4.206,
RND_0822,Random_50M_150M,25,640,4,4,48,64,1184,14.4300,1642.00,69.30,3.7903,0.2815,0.5179,0.8489,0.2364,1.9630,27.9950,39.8,39.8,0,1900.8,4.196,
RND_0823,Random_50M_150M,18,320,8,4,16,64,1696,25.0800,819.00,39.87,2.0550,0.2755,0.5396,0.9105,0.2641,1.1089,16.9573,39.8,40.9,0,1900.8,4.195,
RND_0824,Random_50M_150M,3,608,8,4,32,48,3264,39.7900,430.00,25.13,1.2091,0.3271,0.4208,0.5834,0.0938,0.5088,3.5438,39.2,39.8,0,1900.8,4.191,
RND_0825,Random_50M_150M,19,352,6,6,16,16,1888,21.5900,846.00,46.32,2.2818,0.4718,0.5764,1.0506,0.1046,1.3152,7.4571,39.5,39.8,0,1900.8,4.196,
RND_0826,Random_50M_150M,24,512,12,1,48,16,2624,4.3300,1760.00,230.95,8.9194,0.2955,0.6598,1.0278,0.3643,5.8852,101.5430,39.2,39.8,0,1900.8,4.171,
RND_0827,Random_50M_150M,21,608,4,1,32,16,2656,12.3200,2242.00,81.17,4.7582,0.2695,0.5760,0.9968,0.3064,2.7406,45.5658,39.8,40.5,0,1900.8,4.173,
RND_0828,Random_50M_150M,25,608,16,16,16,32,1440,13.2300,1996.00,75.59,4.3392,0.2539,0.5515,0.8158,0.2976,2.3930,40.3489,39.8,40.9,0,1900.8,4.165,
RND_0829,Random_50M_150M,27,512,16,2,16,64,2208,11.5800,2393.00,86.36,5.0700,0.2374,0.6126,0.9276,0.3752,3.1060,59.4439,39.5,39.8,0,1900.8,4.163,
RND_0830,Random_50M_150M,7,640,16,16,48,32,1056,28.8600,591.00,34.65,1.6652,0.2655,0.7088,0.8870,0.4433,1.1802,23.0668,39.8,41.2,0,1900.8,4.150,
RND_0831,Random_50M_150M,11,416,16,1,32,16,1856,31.4700,629.00,31.78,1.6141,0.2817,0.4448,0.7040,0.1631,0.7179,8.2259,39.8,39.8,0,1900.8,4.157,
RND_0832,Random_50M_150M,24,512,1,1,48,32,2592,12.8800,1991.00,77.64,4.3978,0.3373,0.7015,0.9517,0.3642,3.0851,50.0568,39.8,40.2,0,1900.8,4.148,
RND_0833,Random_50M_150M,9,416,16,2,64,32,2208,29.8400,649.00,33.51,1.6879,0.2870,0.4557,0.7527,0.1688,0.7692,8.9010,39.5,40.2,0,1900.8,4.143,
RND_0834,Random_50M_150M,27,608,1,1,48,32,1664,14.1800,1830.00,70.52,4.0162,0.2867,0.5536,0.9296,0.2669,2.2232,33.4955,38.8,39.5,0,1900.8,4.138,
RND_0835,Random_50M_150M,23,448,4,1,48,48,2400,15.6200,1812.00,64.02,3.7966,0.2716,0.5725,0.9810,0.3009,2.1736,35.6983,34.0,34.4,0,1900.8,4.406,
RND_0836,Random_50M_150M,22,448,8,1,64,48,2208,15.5700,1578.00,64.23,3.5690,0.2405,0.5602,0.8254,0.3198,1.9995,35.6659,34.4,34.7,0,1900.8,4.410,
RND_0837,Random_50M_150M,7,576,16,4,16,16,2496,10.1700,619.00,98.33,3.6672,0.2530,0.5594,0.8155,0.3064,2.0513,35.1125,34.4,34.7,0,1900.8,4.408,
RND_0838,Random_50M_150M,24,320,12,12,48,32,1728,7.3900,978.00,135.32,5.1729,0.2798,0.6395,0.8888,0.3596,3.3078,58.1316,35.1,35.4,0,1900.8,4.398,
RND_0839,Random_50M_150M,25,384,12,3,64,64,1376,17.1600,1346.00,58.28,3.1525,0.2315,0.5874,0.8694,0.3559,1.8519,35.0656,35.4,36.1,0,1900.8,4.397,
RND_0840,Random_50M_150M,18,480,2,2,16,48,1888,20.3400,1081.00,49.16,2.6051,0.2486,0.5356,0.7728,0.2870,1.3953,23.3656,36.4,35.7,0,1900.8,4.396,
RND_0841,Random_50M_150M,20,416,1,1,48,64,1824,21.1600,1041.00,47.26,2.5060,0.3586,0.5272,0.7574,0.1686,1.3212,13.2052,36.1,36.8,0,1900.8,4.393,
RND_0842,Random_50M_150M,28,480,12,6,48,64,960,13.1600,1614.00,75.99,3.9696,0.2987,0.6001,1.2893,0.3014,2.3821,37.3866,36.4,37.1,0,1900.8,4.385,
RND_0843,Random_50M_150M,25,576,2,1,32,64,2240,4.5500,1607.00,219.78,8.4202,0.2387,0.6559,1.1443,0.4172,5.5229,109.7859,36.4,37.8,0,1900.8,4.384,
RND_0844,Random_50M_150M,26,416,4,4,32,64,1088,20.8900,1378.00,47.87,2.8620,0.2345,0.5761,0.7483,0.3417,1.6488,30.5561,37.5,37.8,0,1900.8,4.373,
RND_0845,Random_50M_150M,23,416,16,1,16,64,2048,15.9500,1620.00,62.70,3.5636,0.2270,0.5838,0.9617,0.3568,2.0806,39.7334,38.5,38.1,0,1900.8,4.372,
RND_0846,Random_50M_150M,27,320,1,1,64,32,1312,25.6200,801.00,39.03,2.0110,0.2754,0.5287,0.7796,0.2533,1.0632,15.9195,38.5,38.5,0,1900.8,4.373,
RND_0847,Random_50M_150M,8,576,12,3,64,32,3040,21.3500,1013.00,46.84,2.4650,0.2666,0.4575,0.7217,0.1909,1.1276,14.7022,38.5,38.8,0,1900.8,4.371,
RND_0848,Random_50M_150M,12,544,16,8,64,32,1728,20.0400,1062.00,49.90,2.6089,0.2677,0.5136,0.7686,0.2459,1.3398,20.0475,38.5,38.8,0,1900.8,4.367,
RND_0849,Random_50M_150M,25,416,1,1,48,48,1344,18.2200,1385.00,54.88,3.0864,0.2647,0.5663,0.9462,0.3016,1.7480,29.0933,38.1,39.2,0,1900.8,4.363,
RND_0850,Random_50M_150M,5,608,6,6,32,32,2304,32.6000,507.00,30.67,1.4579,0.2317,0.4103,0.5560,0.1786,0.5981,8.1360,38.8,38.8,0,1900.8,4.363,
RND_0851,Random_50M_150M,9,544,16,16,64,64,2944,15.9700,1433.00,62.62,3.3741,0.2748,0.5695,0.8427,0.2947,1.9216,31.0781,39.5,39.2,0,1900.8,4.355,
RND_0852,Random_50M_150M,19,448,16,2,16,16,1632,21.8800,1097.00,45.70,2.5138,0.2677,0.5369,0.7893,0.2691,1.3497,21.1436,38.8,39.5,0,1900.8,4.352,
RND_0853,Random_50M_150M,17,384,1,1,32,64,1824,26.7700,797.00,37.36,1.9550,0.2667,0.5220,0.7163,0.2553,1.0205,15.5987,38.8,39.5,0,1900.8,4.352,
RND_0854,Random_50M_150M,17,608,1,1,32,16,1120,18.9500,1204.00,52.77,2.8399,0.2259,0.5102,0.7707,0.2843,1.4489,25.2347,39.5,40.2,0,1900.8,4.346,
RND_0855,Random_50M_150M,13,448,16,4,48,32,2400,20.5600,1122.00,48.64,2.6298,0.2256,0.5465,0.9854,0.3209,1.4371,26.3713,39.8,40.2,0,1900.8,4.343,
RND_0856,Random_50M_150M,16,544,4,2,64,16,2976,15.2000,1653.00,65.79,3.6925,0.2613,0.5850,0.9305,0.3238,2.1602,37.3582,39.2,40.2,0,1900.8,4.335,
RND_0857,Random_50M_150M,16,512,4,1,32,32,1440,24.5400,888.00,40.75,2.1512,0.2872,0.4852,0.9314,0.1980,1.0439,13.3128,39.8,40.2,0,1900.8,4.333,
RND_0858,Random_50M_150M,16,576,16,4,48,48,2400,13.0000,1822.00,76.92,4.2066,0.2827,0.6168,1.0314,0.3341,2.5946,43.9171,39.2,40.5,0,1900.8,4.325,
RND_0859,Random_50M_150M,21,480,2,1,64,48,960,27.7000,714.00,36.10,1.8331,0.2812,0.4929,0.6878,0.2117,0.9035,12.1286,39.5,40.5,0,1900.8,4.321,
RND_0860,Random_50M_150M,28,576,4,1,64,16,1792,4.6700,1515.00,214.13,8.1531,0.2343,0.6571,0.9113,0.4229,5.3578,107.7467,39.5,40.5,0,1900.8,4.311,
RND_0861,Random_50M_150M,26,576,1,1,32,48,864,18.5600,1358.00,53.88,3.0283,0.2785,0.5262,0.7754,0.2476,1.5934,23.4332,39.5,40.9,0,1900.8,4.306,
RND_0862,Random_50M_150M,23,448,2,2,32,64,1920,6.7100,1056.00,149.03,5.6760,0.3033,0.6353,0.8511,0.3320,3.6060,58.8914,39.5,40.5,0,1900.8,4.303,
RND_0863,Random_50M_150M,13,416,8,1,64,64,1824,24.8200,772.00,40.29,2.0210,0.2944,0.5041,0.7300,0.2097,1.0188,13.2435,39.8,40.9,0,1900.8,4.298,
RND_0864,Random_50M_150M,19,544,12,1,48,64,1408,18.3800,1304.00,54.41,2.9906,0.2749,0.5430,0.9153,0.2682,1.6240,25.0608,39.8,40.9,0,1900.8,4.288,
RND_0865,Random_50M_150M,4,640,6,3,48,48,2304,32.5300,438.00,30.74,1.3910,0.2859,0.4452,0.7414,0.1593,0.6193,6.9237,39.5,40.2,0,1900.8,4.284,
RND_0866,Random_50M_150M,21,608,12,3,32,16,1408,17.4800,1383.00,57.21,3.1565,0.2512,0.5158,0.7381,0.2646,1.6281,26.0994,39.5,40.5,0,1900.8,4.269,
RND_0867,Random_50M_150M,23,416,4,4,48,64,2208,16.3200,1503.00,61.27,3.4025,0.2771,0.5762,0.9611,0.2992,1.9607,31.8099,39.8,41.2,0,1900.8,4.264,
RND_0868,Random_50M_150M,12,608,1,1,64,16,1312,23.3300,924.00,42.86,2.2528,0.3148,0.4678,0.7813,0.1530,1.0539,10.7723,39.5,41.2,0,1900.8,4.252,
RND_0869,Random_50M_150M,6,576,8,4,64,16,1856,12.2400,386.00,81.70,2.9187,0.3035,0.5442,0.7702,0.2407,1.5884,21.9571,39.8,40.5,0,1900.8,4.252,
RND_0870,Random_50M_150M,11,480,6,1,32,16,1760,30.5700,620.00,32.71,1.6341,0.3222,0.4798,0.7097,0.1576,0.7841,8.0501,39.8,40.2,0,1900.8,4.244,
RND_0871,Random_50M_150M,21,352,16,2,48,64,1056,22.0500,1138.00,45.35,2.5439,0.2714,0.6055,1.0628,0.3341,1.5404,26.5611,39.5,39.8,0,1900.8,4.241,
RND_0872,Random_50M_150M,26,416,16,2,32,16,768,23.1700,868.00,43.16,2.2059,0.3171,0.5260,0.8314,0.2089,1.1604,14.3996,39.8,40.5,0,1900.8,4.234,
RND_0873,Random_50M_150M,7,576,12,4,64,16,2400,24.8800,744.00,40.19,1.9900,0.2803,0.4573,0.8053,0.1770,0.9101,11.0099,39.8,40.5,0,1900.8,4.223,
RND_0874,Random_50M_150M,15,480,16,4,32,32,1792,21.3500,1080.00,46.84,2.5320,0.2484,0.5210,0.7178,0.2726,1.3191,21.5719,39.8,40.5,0,1900.8,4.219,
RND_0875,Random_50M_150M,14,576,4,4,16,16,2976,16.3400,1525.00,61.20,3.4222,0.2696,0.5445,1.1108,0.2748,1.8632,29.3909,39.8,41.2,0,1900.8,4.205,
RND_0876,Random_50M_150M,21,576,12,2,64,16,2720,11.4800,2310.00,87.11,5.0103,0.2509,0.5983,0.9349,0.3474,2.9977,54.3922,39.8,40.9,0,1900.8,4.194,
RND_0877,Random_50M_150M,12,480,1,1,48,64,1600,28.1100,573.00,35.57,1.6758,0.2913,0.4082,0.7438,0.1169,0.6841,6.1238,39.8,40.5,0,1900.8,4.191,
RND_0878,Random_50M_150M,14,544,12,4,16,16,2592,17.6800,1262.00,56.56,3.0154,0.2701,0.5488,1.0921,0.2787,1.6548,26.2642,39.8,41.2,0,1900.8,4.183,
RND_0879,Random_50M_150M,20,608,1,1,64,64,2528,13.1900,2019.00,75.82,4.3693,0.2554,0.5665,0.9106,0.3112,2.4753,42.4877,39.8,41.2,0,1900.8,4.169,
RND_0880,Random_50M_150M,17,480,12,2,64,16,2272,16.4500,1450.00,60.79,3.3345,0.2682,0.5569,0.8539,0.2887,1.8570,30.0880,39.8,41.5,0,1900.8,4.155,
RND_0881,Random_50M_150M,14,416,12,6,16,32,2176,22.6800,977.00,44.09,2.3438,0.2563,0.5342,0.7867,0.2779,1.2522,20.3563,39.8,41.2,0,1900.8,4.146,
RND_0882,Random_50M_150M,21,448,2,1,64,16,1088,25.6800,682.00,38.94,1.8892,0.2945,0.4945,0.7438,0.2000,0.9343,11.8072,39.8,40.9,0,1900.8,4.139,
RND_0883,Random_50M_150M,14,576,2,1,48,48,928,29.3800,579.00,34.04,1.6341,0.2376,0.4358,0.6977,0.1982,0.7121,10.1225,39.8,40.9,0,1900.8,4.121,
RND_0884,Random_50M_150M,20,480,12,6,48,48,2464,13.2700,2045.00,75.36,4.3811,0.2544,0.5932,0.9156,0.3388,2.5990,46.3879,39.8,41.2,0,1900.8,4.111,
RND_0885,Random_50M_150M,13,640,8,2,16,32,1824,20.5600,1039.00,48.64,2.5468,0.2363,0.4641,0.7246,0.2278,1.1820,18.1321,39.5,40.5,0,1900.8,4.099,
RND_0886,Random_50M_150M,20,384,16,1,48,32,2016,18.9000,1213.00,52.91,2.8532,0.2615,0.5870,0.9564,0.3255,1.6747,29.0221,39.8,40.5,0,1900.8,4.096,
RND_0887,Random_50M_150M,19,320,16,16,64,48,736,19.0100,870.00,52.60,2.5007,0.2529,0.6171,0.9600,0.3642,1.5432,28.4594,39.8,40.9,0,1900.8,4.086,
RND_0888,Random_50M_150M,21,448,12,2,32,64,704,10.0700,593.00,99.30,3.6715,0.2607,0.5761,0.7970,0.3154,2.1151,36.1894,39.5,40.5,0,1900.8,4.075,
RND_0889,Random_50M_150M,21,576,16,8,64,32,1568,13.4000,1890.00,74.63,4.2034,0.2759,0.5908,0.8166,0.3149,2.4833,41.3613,39.8,40.9,0,1900.8,4.063,
RND_0890,Random_50M_150M,26,544,8,8,64,48,1472,12.9300,1972.00,77.34,4.3695,0.2408,0.6397,0.9228,0.3989,2.7951,54.4711,39.8,41.5,0,1900.8,4.046,
RND_0891,Random_50M_150M,18,480,12,12,32,32,704,22.5300,789.00,44.39,2.1649,0.2656,0.4724,0.6519,0.2068,1.0227,13.9893,39.8,41.2,0,1900.8,4.033,
RND_0892,Random_50M_150M,22,512,6,3,48,16,1056,21.4200,1002.00,46.69,2.4492,0.2798,0.5259,0.7624,0.2461,1.2881,18.8338,39.8,41.2,0,1900.8,4.020,
RND_0893,Random_50M_150M,24,480,4,4,64,16,1472,14.8100,1211.00,67.52,3.3042,0.2985,0.5780,0.9183,0.2796,1.9099,28.8680,39.8,42.2,0,1900.8,4.003,
RND_0894,Random_50M_150M,26,608,4,1,64,64,2240,11.1400,2371.00,89.77,5.1538,0.2971,0.5973,0.9194,0.3002,3.0781,48.3448,39.8,41.9,0,1900.8,3.988,
RND_0895,Random_50M_150M,7,640,2,1,64,16,2560,25.2400,802.00,39.62,2.0302,0.2904,0.4398,0.5873,0.1494,0.8930,9.4801,39.5,41.2,0,1900.8,3.979,
RND_0896,Random_50M_150M,18,512,6,3,16,48,1600,19.2200,1198.00,52.03,2.8109,0.3859,0.5352,0.8173,0.1492,1.5043,13.1063,39.8,40.9,0,1900.8,3.966,
RND_0897,Random_50M_150M,23,480,16,2,64,48,704,20.3500,1082.00,49.14,2.6053,0.3017,0.5311,0.7581,0.2294,1.3838,18.6757,39.8,41.5,0,1900.8,3.954,
RND_0898,Random_50M_150M,20,448,4,1,32,64,2400,15.7600,1475.00,63.45,3.4420,0.2643,0.5979,0.9340,0.3336,2.0579,35.8805,39.8,41.9,0,1900.8,3.946,
RND_0899,Random_50M_150M,21,512,16,4,48,64,928,16.0000,1306.00,62.50,3.2435,0.2950,0.5488,1.0276,0.2538,1.7801,25.7245,38.5,41.2,0,1900.8,3.930,
RND_0900,Random_50M_150M,28,416,4,2,48,32,2048,14.7100,1650.00,67.98,3.7574,0.3817,0.5877,0.9866,0.2060,2.2084,24.1890,39.8,41.9,0,1900.8,3.925,
RND_0901,Random_50M_150M,17,576,8,2,16,32,2464,14.5300,1734.00,68.82,3.8675,0.2625,0.5743,0.9810,0.3118,2.2211,37.6882,39.8,41.2,0,1900.8,3.918,
RND_0902,Random_50M_150M,24,544,6,1,32,48,1152,16.9200,1272.00,59.10,3.1042,0.2657,0.5500,0.8647,0.2843,1.7073,27.5778,39.8,41.2,0,1900.8,3.908,
RND_0903,Random_50M_150M,18,544,1,1,64,64,1088,21.4100,790.00,46.71,2.2379,0.2606,0.4708,1.1091,0.2102,1.0536,14.7019,39.8,41.5,0,1900.8,3.901,
RND_0904,Random_50M_150M,27,320,8,4,48,48,1728,7.3100,968.00,136.80,5.2088,0.2594,0.6470,0.8222,0.3876,3.3701,63.0947,39.8,41.2,0,1900.8,3.894,
RND_0905,Random_50M_150M,25,576,8,4,48,48,1792,4.5500,1654.00,219.78,8.4672,0.2985,0.6424,0.8694,0.3439,5.4396,91.0055,39.8,41.2,0,1900.8,3.883,
RND_0906,Random_50M_150M,19,544,8,4,16,64,1760,14.1200,1384.00,70.82,3.5795,0.4985,0.8063,1.0892,0.3078,2.8861,34.4332,39.8,42.9,0,1900.8,3.864,
RND_0907,Random_50M_150M,27,320,16,8,32,16,1280,8.3500,861.00,119.76,4.5736,0.2519,0.6239,0.9091,0.3721,2.8536,53.1774,39.8,40.9,0,1900.8,3.864,
RND_0908,Random_50M_150M,15,608,12,4,64,64,1248,18.4300,1186.00,54.26,2.8680,0.2414,0.4962,0.7716,0.2547,1.4230,22.8298,39.8,40.5,0,1900.8,3.855,
RND_0909,Random_50M_150M,27,352,8,2,32,48,1824,17.5800,1286.00,56.88,3.0494,0.2765,0.5941,0.9409,0.3176,1.8115,30.2617,39.8,41.5,0,1900.8,3.850,
RND_0910,Random_50M_150M,13,480,6,1,16,64,2432,22.5100,1025.00,44.42,2.4022,0.2763,0.5322,0.8371,0.2559,1.2785,19.2129,39.8,41.2,0,1900.8,3.842,
RND_0911,Random_50M_150M,8,576,4,2,16,64,2720,24.0300,826.00,41.61,2.1161,0.2595,0.4428,0.6970,0.1832,0.9369,12.1176,39.8,41.5,0,1900.8,3.840,
RND_0912,Random_50M_150M,13,512,6,3,16,48,1024,31.3100,556.00,31.94,1.5461,0.2722,0.4255,0.5762,0.1533,0.6579,7.4086,39.8,41.2,0,1900.8,3.831,
RND_0914,Random_50M_150M,7,544,2,1,48,64,2112,32.8700,562.00,30.42,1.5051,0.3151,0.4166,0.6835,0.1016,0.6271,4.7776,39.8,41.9,0,1900.8,3.825,
RND_0915,Random_50M_150M,24,544,8,4,32,64,992,17.1800,1302.00,58.21,3.1064,0.2758,0.5457,0.9722,0.2699,1.6953,26.2029,39.8,41.2,0,1900.8,3.822,
RND_0916,Random_50M_150M,18,640,8,4,48,64,1568,15.1400,1542.00,66.05,3.5896,0.2751,0.5259,0.9590,0.2508,1.8878,28.1376,39.8,40.9,0,1900.8,3.806,
RND_0917,Random_50M_150M,15,640,12,6,64,64,2176,4.9800,1407.00,200.80,7.6319,0.2975,0.6320,0.8694,0.3345,4.8233,79.7875,39.8,40.9,0,1900.8,3.805,
RND_0918,Random_50M_150M,6,512,6,2,32,48,2496,33.5500,529.00,29.81,1.4530,0.2453,0.4199,0.6256,0.1747,0.6101,7.9309,39.8,40.9,0,1900.8,3.799,
RND_0919,Random_50M_150M,22,512,16,2,32,16,992,21.1600,1024.00,47.26,2.4890,0.2389,0.5011,0.7609,0.2622,1.2473,20.3948,39.8,40.5,0,1900.8,3.791,
RND_0920,Random_50M_150M,18,544,2,1,32,16,1696,19.5700,1116.00,51.10,2.7001,0.3087,0.5153,0.7408,0.2066,1.3915,17.4340,39.8,40.9,0,1900.8,3.784,
RND_0921,Random_50M_150M,12,480,6,3,32,32,1920,25.9600,792.00,38.52,1.9861,0.2605,0.4848,0.6656,0.2243,0.9628,13.9209,39.8,41.2,0,1900.8,3.780,
RND_0922,Random_50M_150M,25,352,1,1,64,32,1216,27.3400,689.00,36.58,1.8229,0.2786,0.5122,0.8095,0.2336,0.9337,13.3087,39.8,41.9,0,1900.8,3.777,
RND_0923,Random_50M_150M,17,512,6,6,32,48,1536,20.3700,1075.00,49.09,2.5968,0.2383,0.5197,0.8004,0.2813,1.3495,22.8314,39.5,41.2,0,1900.8,3.766,
RND_0924,Random_50M_150M,13,512,2,1,16,32,1632,25.2600,708.00,39.59,1.9352,0.2724,0.4750,0.6921,0.2026,0.9193,12.2548,33.7,34.4,0,1900.8,4.425,
RND_0925,Random_50M_150M,15,448,12,2,48,16,1856,8.2700,697.00,120.92,4.4455,0.2709,0.6039,0.8360,0.3329,2.6846,46.2524,34.7,35.4,0,1900.8,4.409,
RND_0926,Random_50M_150M,17,416,8,2,48,32,2080,21.2200,1051.00,47.13,2.5119,0.2696,0.5444,0.8293,0.2747,1.3674,21.5644,35.4,35.4,0,1900.8,4.406,
RND_0927,Random_50M_150M,7,640,16,8,32,48,2560,8.1400,754.00,122.85,4.5624,0.2509,0.5823,0.8407,0.3314,2.6566,47.2419,35.7,36.1,0,1900.8,4.400,
RND_0928,Random_50M_150M,8,608,8,4,32,32,3232,17.6000,1000.00,56.82,2.7614,0.2722,0.4952,0.7282,0.2231,1.3675,19.2489,37.1,37.1,0,1900.8,4.399,
RND_0929,Random_50M_150M,27,384,12,3,32,64,608,21.9500,807.00,45.56,2.2193,0.2272,0.5266,0.7151,0.2995,1.1688,20.7684,37.1,37.8,0,1900.8,4.387,
RND_0930,Random_50M_150M,24,544,2,1,32,16,2880,11.2500,2290.00,88.89,5.0456,0.2807,0.6187,0.9788,0.3380,3.1216,53.2992,36.4,37.8,0,1900.8,4.380,
RND_0931,Random_50M_150M,28,416,8,2,32,64,2080,14.0000,1818.00,71.43,4.0323,0.2749,0.5991,0.8926,0.3242,2.4159,40.8555,38.1,38.1,0,1900.8,4.379,
RND_0932,Random_50M_150M,24,320,12,3,16,32,1568,21.9900,897.00,45.48,2.3067,0.3010,0.5348,0.7533,0.2338,1.2336,16.8545,38.8,38.5,0,1900.8,4.370,
RND_0933,Random_50M_150M,26,320,16,1,16,64,1088,9.8100,834.00,101.94,3.9940,0.2711,0.6169,0.7781,0.3458,2.4639,43.1605,39.5,37.8,0,1900.8,4.373,
RND_0934,Random_50M_150M,9,480,8,2,32,32,1856,23.0300,533.00,43.42,1.8791,0.2265,0.4561,0.6897,0.2295,0.8570,13.4769,38.5,38.5,0,1900.8,4.359,
RND_0935,Random_50M_150M,24,512,1,1,64,32,1408,18.6500,1155.00,53.62,2.8172,0.4661,0.5130,0.9041,0.0469,1.4451,4.1251,39.2,39.8,0,1900.8,4.352,
RND_0936,Random_50M_150M,17,544,4,1,64,48,2304,16.8000,1391.00,59.52,3.2362,0.2679,0.5085,0.7337,0.2406,1.6457,24.3347,39.5,39.5,0,1900.8,4.350,
RND_0937,Random_50M_150M,14,576,6,6,16,16,2848,16.4300,1487.00,60.86,3.3738,0.2675,0.5437,0.9553,0.2762,1.8343,29.1226,38.8,40.5,0,1900.8,4.343,
RND_0938,Random_50M_150M,23,576,1,1,32,64,1920,5.6100,1316.00,178.25,6.8418,0.2487,0.6310,0.8810,0.3824,4.3174,81.7521,39.8,39.8,0,1900.8,4.339,
RND_0939,Random_50M_150M,21,576,2,1,64,32,2112,5.0600,1247.00,197.63,7.3735,0.2550,0.6451,0.9759,0.3901,4.7566,89.8936,39.8,41.2,0,1900.8,4.327,
RND_0940,Random_50M_150M,5,640,2,2,16,64,2720,27.5600,563.00,36.28,1.6878,0.2564,0.4284,0.6393,0.1720,0.7230,9.0694,39.8,41.2,0,1900.8,4.326,
RND_0941,Random_50M_150M,24,448,6,2,48,32,1248,20.8200,1042.00,48.03,2.5310,0.2931,0.5488,0.7914,0.2557,1.3890,20.2229,39.8,40.5,0,1900.8,4.320,
RND_0942,Random_50M_150M,11,480,1,1,32,64,1760,31.3400,583.00,31.91,1.5722,0.2882,0.4015,0.5476,0.1133,0.6312,5.5661,39.8,41.2,0,1900.8,4.314,
RND_0943,Random_50M_150M,25,608,12,12,64,16,1344,11.4800,2001.00,87.11,4.7013,0.2710,0.6000,1.3410,0.3290,2.8210,48.3429,39.8,41.2,0,1900.8,4.305,
RND_0944,Random_50M_150M,18,608,4,4,32,48,2144,15.3400,1589.00,65.19,3.6099,0.2520,0.5342,1.0492,0.2822,1.9284,31.8323,39.8,41.2,0,1900.8,4.291,
RND_0945,Random_50M_150M,18,576,4,1,64,48,1504,18.6900,1133.00,53.50,2.7916,0.3095,0.5213,0.7537,0.2118,1.4554,18.4764,39.8,40.9,0,1900.8,4.282,
RND_0946,Random_50M_150M,24,512,2,1,16,16,1664,17.6600,1413.00,56.63,3.1684,0.2645,0.5582,1.1863,0.2937,1.7687,29.0800,39.5,40.5,0,1900.8,4.272,
