seed,target,config_id,actual,prediction
42,tpot_ms,RND_0706,47.779998779296875,50.195457458496094
42,tpot_ms,RND_0910,44.41999816894531,45.06025314331055
42,tpot_ms,RND_0717,35.45000076293945,38.92055130004883
42,tpot_ms,RND_0462,25.450000762939453,28.699609756469727
42,tpot_ms,RND_0740,30.1299991607666,29.74814224243164
42,tpot_ms,RND_0543,36.58000183105469,37.209232330322266
42,tpot_ms,RND_0475,30.420000076293945,31.86785125732422
42,tpot_ms,RND_0153,73.05000305175781,78.11022186279297
42,tpot_ms,RND_0836,64.2300033569336,43.47562026977539
42,tpot_ms,RND_0050,101.62999725341797,109.94720458984375
42,tpot_ms,RND_0585,74.3499984741211,59.05596160888672
42,tpot_ms,RND_0098,64.5199966430664,66.38855743408203
42,tpot_ms,RND_0060,40.130001068115234,42.878700256347656
42,tpot_ms,RND_0821,42.61000061035156,46.2965087890625
42,tpot_ms,RND_0105,53.11000061035156,61.66014862060547
42,tpot_ms,RND_0477,38.2599983215332,43.544490814208984
42,tpot_ms,RND_0925,120.91999816894531,79.39734649658203
42,tpot_ms,RND_0500,91.66000366210938,96.49193572998047
42,tpot_ms,RND_0112,39.47999954223633,45.97697448730469
42,tpot_ms,RND_0417,48.220001220703125,56.64778137207031
42,tpot_ms,RND_0551,21.649999618530273,21.552221298217773
42,tpot_ms,RND_0156,112.98999786376953,120.09680938720703
42,tpot_ms,RND_0379,25.389999389648438,25.568506240844727
42,tpot_ms,RND_0827,81.16999816894531,89.17822265625
42,tpot_ms,RND_0318,30.31999969482422,32.240055084228516
42,tpot_ms,RND_0856,65.79000091552734,71.0205307006836
42,tpot_ms,RND_0574,42.720001220703125,27.75965118408203
42,tpot_ms,RND_0028,79.05000305175781,83.17597198486328
42,tpot_ms,RND_0590,80.19000244140625,75.597900390625
42,tpot_ms,RND_0851,62.619998931884766,54.53852462768555
42,tpot_ms,RND_0798,107.63999938964844,114.36042785644531
42,tpot_ms,RND_0117,33.61000061035156,33.530540466308594
42,tpot_ms,RND_0408,36.869998931884766,37.2746696472168
42,tpot_ms,RND_0106,46.84000015258789,58.411903381347656
42,tpot_ms,RND_0815,64.80999755859375,68.35005187988281
42,tpot_ms,RND_0261,102.3499984741211,97.57597351074219
42,tpot_ms,RND_0245,69.69000244140625,76.89729309082031
42,tpot_ms,RND_0006,47.099998474121094,50.26504898071289
42,tpot_ms,RND_0807,91.41000366210938,86.02877807617188
42,tpot_ms,RND_0739,28.649999618530273,29.644115447998047
42,tpot_ms,RND_0829,86.36000061035156,86.94048309326172
42,tpot_ms,RND_0166,36.58000183105469,41.27012252807617
42,tpot_ms,RND_0066,31.489999771118164,29.48198127746582
42,tpot_ms,RND_0584,39.20000076293945,27.50501251220703
42,tpot_ms,RND_0450,37.43000030517578,37.37911605834961
42,tpot_ms,RND_0164,107.87000274658203,123.74712371826172
42,tpot_ms,RND_0283,37.709999084472656,39.54584503173828
42,tpot_ms,RND_0230,124.69000244140625,121.50140380859375
42,tpot_ms,RND_0525,22.09000015258789,21.002389907836914
42,tpot_ms,RND_0004,72.41000366210938,49.75301742553711
42,tpot_ms,RND_0640,42.06999969482422,39.3978157043457
42,tpot_ms,RND_0818,43.56999969482422,47.002628326416016
42,tpot_ms,RND_0240,105.1500015258789,103.86333465576172
42,tpot_ms,RND_0791,66.76000213623047,48.735496520996094
42,tpot_ms,RND_0929,45.560001373291016,32.860504150390625
42,tpot_ms,RND_0784,54.5,36.16551208496094
42,tpot_ms,RND_0428,22.31999969482422,25.304712295532227
42,tpot_ms,RND_0734,19.0,20.420392990112305
42,tpot_ms,RND_0540,35.029998779296875,38.091976165771484
42,tpot_ms,RND_0866,57.209999084472656,62.79017639160156
42,tpot_ms,RND_0792,42.349998474121094,43.9113655090332
42,tpot_ms,RND_0019,37.84000015258789,33.161251068115234
42,tpot_ms,RND_0129,42.22999954223633,51.68016815185547
42,tpot_ms,RND_0458,24.639999389648438,24.264976501464844
42,tpot_ms,RND_0896,52.029998779296875,49.223934173583984
42,tpot_ms,RND_0031,43.61000061035156,46.78956604003906
42,tpot_ms,RND_0353,89.61000061035156,90.04044342041016
42,tpot_ms,RND_0151,26.15999984741211,39.986690521240234
42,tpot_ms,RND_0887,52.599998474121094,48.413841247558594
42,tpot_ms,RND_0295,44.79999923706055,51.871578216552734
42,tpot_ms,RND_0919,47.2599983215332,47.804054260253906
42,tpot_ms,RND_0872,43.15999984741211,47.298179626464844
42,tpot_ms,RND_0616,42.119998931884766,41.3771858215332
42,tpot_ms,RND_0405,29.969999313354492,30.22986602783203
42,tpot_ms,RND_0304,24.520000457763672,25.55712127685547
42,tpot_ms,RND_0906,70.81999969482422,58.74437713623047
42,tpot_ms,RND_0885,48.63999938964844,50.659210205078125
42,tpot_ms,RND_0902,59.099998474121094,52.463157653808594
42,tpot_ms,RND_0029,61.880001068115234,65.10907745361328
42,tpot_ms,RND_0154,42.59000015258789,54.934532165527344
42,tpot_ms,RND_0212,43.15999984741211,42.54295349121094
42,tpot_ms,RND_0921,38.52000045776367,41.359954833984375
42,tpot_ms,RND_0876,87.11000061035156,97.29363250732422
42,tpot_ms,RND_0221,59.52000045776367,62.26527786254883
42,tpot_ms,RND_0400,29.459999084472656,32.03998947143555
42,tpot_ms,RND_0944,65.19000244140625,66.15042114257812
42,tpot_ms,RND_0189,47.939998626708984,46.7888298034668
42,tpot_ms,RND_0196,64.80999755859375,62.4737548828125
42,tpot_ms,RND_0924,39.59000015258789,23.443235397338867
42,tpot_ms,RND_0516,63.529998779296875,73.46409606933594
42,tpot_ms,RND_0169,51.119998931884766,37.71928787231445
42,tpot_ms,RND_0258,50.150001525878906,55.116859436035156
42,tpot_ms,RND_0466,115.33999633789062,126.75983428955078
42,tpot_ms,RND_0165,125.0,144.55471801757812
42,tpot_ms,RND_0629,43.380001068115234,48.12555694580078
42,tpot_ms,RND_0008,112.11000061035156,117.86954498291016
42,tpot_ms,RND_0399,92.41999816894531,96.07075500488281
42,tpot_ms,RND_0714,69.19999694824219,73.33704376220703
42,tpot_ms,RND_0794,30.899999618530273,33.089874267578125
42,tpot_ms,RND_0300,98.72000122070312,112.51702117919922
42,tpot_ms,RND_0882,38.939998626708984,39.21918869018555
42,tpot_ms,RND_0559,91.48999786376953,95.49832916259766
42,tpot_ms,RND_0394,49.79999923706055,56.36758041381836
42,tpot_ms,RND_0492,28.0,31.847328186035156
42,tpot_ms,RND_0644,44.84000015258789,40.576541900634766
42,tpot_ms,RND_0932,45.47999954223633,48.41626739501953
42,tpot_ms,RND_0871,45.349998474121094,47.99995422363281
42,tpot_ms,RND_0235,76.91999816894531,85.21057891845703
42,tpot_ms,RND_0431,45.25,52.01047134399414
42,tpot_ms,RND_0414,35.15999984741211,41.68061828613281
42,tpot_ms,RND_0273,203.25,186.80491638183594
42,tpot_ms,RND_0839,58.279998779296875,40.3686637878418
42,tpot_ms,RND_0254,50.43000030517578,46.841041564941406
42,tpot_ms,RND_0895,39.619998931884766,35.8216438293457
42,tpot_ms,RND_0832,77.63999938964844,82.38329315185547
42,tpot_ms,RND_0390,74.95999908447266,81.62763214111328
42,tpot_ms,RND_0306,38.54999923706055,46.615440368652344
42,tpot_ms,RND_0407,28.610000610351562,34.2485237121582
42,tpot_ms,RND_0931,71.43000030517578,71.62067413330078
42,tpot_ms,RND_0325,44.189998626708984,43.14469528198242
42,tpot_ms,RND_0758,35.56999969482422,34.95809555053711
42,tpot_ms,RND_0488,93.80999755859375,97.92550659179688
42,tpot_ms,RND_0558,24.200000762939453,31.4208927154541
42,tpot_ms,RND_0386,39.290000915527344,40.82415008544922
42,tpot_ms,RND_0227,48.900001525878906,46.315643310546875
42,tpot_ms,RND_0634,57.56999969482422,58.95183181762695
42,tpot_ms,RND_0281,22.610000610351562,23.153200149536133
42,tpot_ms,RND_0937,60.86000061035156,58.01993942260742
42,tpot_ms,RND_0064,28.1299991607666,28.84404182434082
42,tpot_ms,RND_0125,53.849998474121094,47.531944274902344
42,tpot_ms,RND_0938,178.25,179.24551391601562
42,tpot_ms,RND_0572,38.77000045776367,25.516809463500977
42,tpot_ms,RND_0420,39.5099983215332,40.28855895996094
42,tpot_ms,RND_0646,58.380001068115234,57.51982879638672
42,tpot_ms,RND_0842,75.98999786376953,40.50282287597656
42,tpot_ms,RND_0315,76.44999694824219,83.48312377929688
42,tpot_ms,RND_0033,51.2599983215332,46.47473907470703
42,tpot_ms,RND_0652,145.55999755859375,130.17823791503906
42,tpot_ms,RND_0159,163.6699981689453,178.2971649169922
42,tpot_ms,RND_0303,85.91000366210938,92.10771942138672
42,tpot_ms,RND_0097,114.55000305175781,120.60762023925781
42,tpot_ms,RND_0849,54.880001068115234,48.395042419433594
42,tpot_ms,RND_0884,75.36000061035156,77.82554626464844
42,tpot_ms,RND_0548,37.939998626708984,48.63901138305664
42,tpot_ms,RND_0606,162.07000732421875,163.59353637695312
42,tpot_ms,RND_0770,22.389999389648438,22.492507934570312
42,tpot_ms,RND_0137,24.780000686645508,24.95646858215332
42,tpot_ms,RND_0078,72.1500015258789,76.88277435302734
42,tpot_ms,RND_0013,65.91999816894531,60.07758712768555
42,tpot_ms,RND_0382,53.880001068115234,58.96392059326172
42,tpot_ms,RND_0505,25.899999618530273,27.129623413085938
42,tpot_ms,RND_0601,57.900001525878906,57.211578369140625
42,tpot_ms,RND_0612,48.04999923706055,51.4210205078125
42,tpot_ms,RND_0426,23.059999465942383,25.092769622802734
42,tpot_ms,RND_0188,141.0399932861328,168.06094360351562
42,tpot_ms,RND_0656,180.17999267578125,180.272216796875
42,tpot_ms,RND_0020,88.5,82.91746520996094
42,tpot_ms,RND_0330,50.9900016784668,57.27173614501953
42,tpot_ms,RND_0614,37.189998626708984,37.528831481933594
42,tpot_ms,RND_0603,51.38999938964844,46.44905090332031
42,tpot_ms,RND_0199,63.09000015258789,63.88874053955078
42,tpot_ms,RND_0419,37.650001525878906,40.58472442626953
42,tpot_ms,RND_0675,60.16999816894531,60.92728805541992
42,tpot_ms,RND_0266,70.7699966430664,74.15401458740234
42,tpot_ms,RND_0195,36.779998779296875,37.365150451660156
42,tpot_ms,RND_0158,33.650001525878906,51.14168167114258
42,tpot_ms,RND_0308,22.479999542236328,24.52173614501953
42,tpot_ms,RND_0667,32.20000076293945,34.5516471862793
42,tpot_ms,RND_0550,116.13999938964844,123.63600158691406
42,tpot_ms,RND_0432,43.349998474121094,52.49266052246094
42,tpot_ms,RND_0418,30.520000457763672,26.624528884887695
42,tpot_ms,RND_0459,34.2599983215332,33.454002380371094
42,tpot_ms,RND_0367,26.549999237060547,28.549535751342773
42,tpot_ms,RND_0920,51.099998474121094,52.72917556762695
42,tpot_ms,RND_0647,31.8700008392334,35.04576873779297
42,tpot_ms,RND_0523,38.4900016784668,43.34716796875
42,tpot_ms,RND_0119,33.459999084472656,39.873260498046875
42,tpot_ms,RND_0662,84.38999938964844,82.00875854492188
42,tpot_ms,RND_0864,54.40999984741211,58.47304153442383
42,tpot_ms,RND_0248,86.27999877929688,92.96630096435547
42,tpot_ms,RND_0049,37.130001068115234,37.07649612426758
42,tpot_ms,RND_0751,59.2400016784668,70.17768859863281
42,tpot_ms,RND_0752,37.09000015258789,43.05218505859375
42,tpot_ms,RND_0045,21.200000762939453,22.785451889038086
42,tpot_ms,RND_0878,56.560001373291016,53.79684066772461
42,tpot_ms,RND_0478,63.40999984741211,60.050865173339844
42,tpot_ms,RND_0284,34.61000061035156,38.138938903808594
42,tpot_ms,RND_0922,36.58000183105469,40.96771240234375
42,ttft_ms,RND_0706,1278.0,1362.468505859375
42,ttft_ms,RND_0910,1025.0,1014.7611694335938
42,ttft_ms,RND_0717,832.0,841.1017456054688
42,ttft_ms,RND_0462,651.0,649.6103515625
42,ttft_ms,RND_0740,799.0,710.2981567382812
42,ttft_ms,RND_0543,867.0,918.2986450195312
42,ttft_ms,RND_0475,704.0,661.6585083007812
42,ttft_ms,RND_0153,442.0,469.1590576171875
42,ttft_ms,RND_0836,1578.0,1124.08056640625
42,ttft_ms,RND_0050,681.0,733.4215087890625
42,ttft_ms,RND_0585,1971.0,1514.04296875
42,ttft_ms,RND_0098,360.0,391.44061279296875
42,ttft_ms,RND_0060,975.0,1021.77099609375
42,ttft_ms,RND_0821,882.0,880.2745361328125
42,ttft_ms,RND_0105,1606.0,1648.5791015625
42,ttft_ms,RND_0477,1078.0,1151.279541015625
42,ttft_ms,RND_0925,697.0,474.85235595703125
42,ttft_ms,RND_0500,537.0,687.3607788085938
42,ttft_ms,RND_0112,1018.0,1137.4251708984375
42,ttft_ms,RND_0417,1425.0,1470.3206787109375
42,ttft_ms,RND_0551,471.0,452.94873046875
42,ttft_ms,RND_0156,791.0,859.5673828125
42,ttft_ms,RND_0379,558.0,593.7839965820312
42,ttft_ms,RND_0827,2242.0,2213.36572265625
42,ttft_ms,RND_0318,863.0,776.2467651367188
42,ttft_ms,RND_0856,1653.0,1659.071533203125
42,ttft_ms,RND_0574,939.0,666.9659423828125
42,ttft_ms,RND_0028,1864.0,1912.2247314453125
42,ttft_ms,RND_0590,1843.0,1892.7325439453125
42,ttft_ms,RND_0851,1433.0,1202.5416259765625
42,ttft_ms,RND_0798,787.0,858.4389038085938
42,ttft_ms,RND_0117,838.0,822.1961059570312
42,ttft_ms,RND_0408,900.0,976.7009887695312
42,ttft_ms,RND_0106,1348.0,1473.1207275390625
42,ttft_ms,RND_0815,1529.0,1620.4150390625
42,ttft_ms,RND_0261,3120.0,2650.39990234375
42,ttft_ms,RND_0245,1768.0,1806.386962890625
42,ttft_ms,RND_0006,967.0,915.09326171875
42,ttft_ms,RND_0807,489.0,458.297119140625
42,ttft_ms,RND_0739,633.0,662.1818237304688
42,ttft_ms,RND_0829,2393.0,2261.15478515625
42,ttft_ms,RND_0166,1004.0,1038.58984375
42,ttft_ms,RND_0066,799.0,790.09033203125
42,ttft_ms,RND_0584,790.0,606.2404174804688
42,ttft_ms,RND_0450,934.0,983.4933471679688
42,ttft_ms,RND_0164,755.0,831.44091796875
42,ttft_ms,RND_0283,1017.0,1122.2655029296875
42,ttft_ms,RND_0230,974.0,936.8365478515625
42,ttft_ms,RND_0525,376.0,390.1531677246094
42,ttft_ms,RND_0004,1956.0,1309.55419921875
42,ttft_ms,RND_0640,763.0,715.7608642578125
42,ttft_ms,RND_0818,990.0,985.85888671875
42,ttft_ms,RND_0240,610.0,581.149658203125
42,ttft_ms,RND_0791,1612.0,1234.2830810546875
42,ttft_ms,RND_0929,807.0,601.2946166992188
42,ttft_ms,RND_0784,1297.0,990.540771484375
42,ttft_ms,RND_0428,598.0,609.2403564453125
42,ttft_ms,RND_0734,389.0,361.12152099609375
42,ttft_ms,RND_0540,859.0,955.9610595703125
42,ttft_ms,RND_0866,1383.0,1417.4755859375
42,ttft_ms,RND_0792,862.0,951.9966430664062
42,ttft_ms,RND_0019,615.0,543.7533569335938
42,ttft_ms,RND_0129,1070.0,1270.1685791015625
42,ttft_ms,RND_0458,496.0,528.6351318359375
42,ttft_ms,RND_0896,1198.0,1103.6231689453125
42,ttft_ms,RND_0031,999.0,947.8991088867188
42,ttft_ms,RND_0353,541.0,610.7112426757812
42,ttft_ms,RND_0151,530.0,767.65771484375
42,ttft_ms,RND_0887,870.0,854.7056884765625
42,ttft_ms,RND_0295,1241.0,1366.47900390625
42,ttft_ms,RND_0919,1024.0,1006.9007568359375
42,ttft_ms,RND_0872,868.0,794.2559814453125
42,ttft_ms,RND_0616,1001.0,864.2633666992188
42,ttft_ms,RND_0405,710.0,632.2060546875
42,ttft_ms,RND_0304,656.0,624.4099731445312
42,ttft_ms,RND_0906,1384.0,1376.9981689453125
42,ttft_ms,RND_0885,1039.0,1093.2618408203125
42,ttft_ms,RND_0902,1272.0,1094.916748046875
42,ttft_ms,RND_0029,1433.0,1535.7906494140625
42,ttft_ms,RND_0154,1095.0,1398.648681640625
42,ttft_ms,RND_0212,757.0,755.0790405273438
42,ttft_ms,RND_0921,792.0,760.8082275390625
42,ttft_ms,RND_0876,2310.0,2421.126953125
42,ttft_ms,RND_0221,1389.0,1348.6734619140625
42,ttft_ms,RND_0400,699.0,746.591796875
42,ttft_ms,RND_0944,1589.0,1540.2650146484375
42,ttft_ms,RND_0189,1042.0,967.5437622070312
42,ttft_ms,RND_0196,1407.0,1488.14892578125
42,ttft_ms,RND_0924,708.0,475.2265625
42,ttft_ms,RND_0516,350.0,394.72845458984375
42,ttft_ms,RND_0169,1138.0,937.282470703125
42,ttft_ms,RND_0258,1184.0,1169.4385986328125
42,ttft_ms,RND_0466,854.0,965.7249145507812
42,ttft_ms,RND_0165,959.0,1057.9884033203125
42,ttft_ms,RND_0629,932.0,1064.1129150390625
42,ttft_ms,RND_0008,637.0,653.0543823242188
42,ttft_ms,RND_0399,637.0,640.6118774414062
42,ttft_ms,RND_0714,379.0,431.3785705566406
42,ttft_ms,RND_0794,513.0,520.7400512695312
42,ttft_ms,RND_0300,735.0,797.90966796875
42,ttft_ms,RND_0882,682.0,691.3599243164062
42,ttft_ms,RND_0559,589.0,620.1629028320312
42,ttft_ms,RND_0394,1526.0,1534.34423828125
42,ttft_ms,RND_0492,657.0,733.1201171875
42,ttft_ms,RND_0644,844.0,741.4075927734375
42,ttft_ms,RND_0932,897.0,1001.9995727539062
42,ttft_ms,RND_0871,1138.0,987.2400512695312
42,ttft_ms,RND_0235,2074.0,2092.724609375
42,ttft_ms,RND_0431,1221.0,1213.810791015625
42,ttft_ms,RND_0414,992.0,1074.8446044921875
42,ttft_ms,RND_0273,1366.0,1408.496337890625
42,ttft_ms,RND_0839,1346.0,882.2070922851562
42,ttft_ms,RND_0254,989.0,1001.3208618164062
42,ttft_ms,RND_0895,802.0,739.7669067382812
42,ttft_ms,RND_0832,1991.0,1965.070556640625
42,ttft_ms,RND_0390,513.0,498.4170837402344
42,ttft_ms,RND_0306,1137.0,1223.0478515625
42,ttft_ms,RND_0407,668.0,722.4534912109375
42,ttft_ms,RND_0931,1818.0,1813.326416015625
42,ttft_ms,RND_0325,1392.0,1416.5120849609375
42,ttft_ms,RND_0758,821.0,867.2567749023438
42,ttft_ms,RND_0488,690.0,744.3228759765625
42,ttft_ms,RND_0558,611.0,730.0367431640625
42,ttft_ms,RND_0386,974.0,1029.243896484375
42,ttft_ms,RND_0227,929.0,945.4989013671875
42,ttft_ms,RND_0634,1316.0,1246.7315673828125
42,ttft_ms,RND_0281,406.0,457.61798095703125
42,ttft_ms,RND_0937,1487.0,1355.0628662109375
42,ttft_ms,RND_0064,615.0,619.07470703125
42,ttft_ms,RND_0125,1307.0,1366.062744140625
42,ttft_ms,RND_0938,1316.0,1274.2373046875
42,ttft_ms,RND_0572,770.0,532.0841064453125
42,ttft_ms,RND_0420,998.0,1100.2718505859375
42,ttft_ms,RND_0646,1343.0,1332.826171875
42,ttft_ms,RND_0842,1614.0,993.3176879882812
42,ttft_ms,RND_0315,462.0,469.86114501953125
42,ttft_ms,RND_0033,1002.0,1034.7672119140625
42,ttft_ms,RND_0652,890.0,845.4403686523438
42,ttft_ms,RND_0159,1208.0,1519.834716796875
42,ttft_ms,RND_0303,604.0,616.48388671875
42,ttft_ms,RND_0097,921.0,923.04345703125
42,ttft_ms,RND_0849,1385.0,1199.83935546875
42,ttft_ms,RND_0884,2045.0,1850.3294677734375
42,ttft_ms,RND_0548,1036.0,1218.896728515625
42,ttft_ms,RND_0606,1055.0,1035.1431884765625
42,ttft_ms,RND_0770,421.0,405.4736633300781
42,ttft_ms,RND_0137,476.0,511.133056640625
42,ttft_ms,RND_0078,489.0,474.387939453125
42,ttft_ms,RND_0013,1446.0,1404.0511474609375
42,ttft_ms,RND_0382,345.0,380.5867919921875
42,ttft_ms,RND_0505,429.0,466.6496887207031
42,ttft_ms,RND_0601,1134.0,1155.0401611328125
42,ttft_ms,RND_0612,1128.0,1142.1029052734375
42,ttft_ms,RND_0426,591.0,588.161865234375
42,ttft_ms,RND_0188,924.0,916.4727172851562
42,ttft_ms,RND_0656,1282.0,1312.8172607421875
42,ttft_ms,RND_0020,439.0,476.7402038574219
42,ttft_ms,RND_0330,1494.0,1550.8013916015625
42,ttft_ms,RND_0614,677.0,698.4102172851562
42,ttft_ms,RND_0603,1189.0,1026.112060546875
42,ttft_ms,RND_0199,1600.0,1481.8199462890625
42,ttft_ms,RND_0419,1049.0,1104.0306396484375
42,ttft_ms,RND_0675,1410.0,1397.8172607421875
42,ttft_ms,RND_0266,1933.0,1670.273193359375
42,ttft_ms,RND_0195,651.0,713.1767578125
42,ttft_ms,RND_0158,763.0,1133.1129150390625
42,ttft_ms,RND_0308,539.0,548.5205688476562
42,ttft_ms,RND_0667,521.0,532.4815673828125
42,ttft_ms,RND_0550,817.0,903.6286010742188
42,ttft_ms,RND_0432,1124.0,1265.80322265625
42,ttft_ms,RND_0418,701.0,673.84912109375
42,ttft_ms,RND_0459,1070.0,960.6136474609375
42,ttft_ms,RND_0367,599.0,664.6327514648438
42,ttft_ms,RND_0920,1116.0,1133.2998046875
42,ttft_ms,RND_0647,575.0,542.8067626953125
42,ttft_ms,RND_0523,891.0,1064.3636474609375
42,ttft_ms,RND_0119,650.0,664.0074462890625
42,ttft_ms,RND_0662,426.0,416.7966613769531
42,ttft_ms,RND_0864,1304.0,1303.8902587890625
42,ttft_ms,RND_0248,2354.0,2400.126220703125
42,ttft_ms,RND_0049,988.0,1055.7191162109375
42,ttft_ms,RND_0751,1504.0,1555.5836181640625
42,ttft_ms,RND_0752,1102.0,1164.9471435546875
42,ttft_ms,RND_0045,450.0,424.47808837890625
42,ttft_ms,RND_0878,1262.0,1245.4932861328125
42,ttft_ms,RND_0478,350.0,327.19598388671875
42,ttft_ms,RND_0284,886.0,967.8302612304688
42,ttft_ms,RND_0922,689.0,795.4613037109375
42,dynamic_energy_per_token_mj,RND_0706,21.337900161743164,24.809749603271484
42,dynamic_energy_per_token_mj,RND_0910,19.212900161743164,16.369922637939453
42,dynamic_energy_per_token_mj,RND_0717,15.774200439453125,15.49386215209961
42,dynamic_energy_per_token_mj,RND_0462,19.249000549316406,13.295795440673828
42,dynamic_energy_per_token_mj,RND_0740,11.123499870300293,10.233046531677246
42,dynamic_energy_per_token_mj,RND_0543,16.04800033569336,13.34952449798584
42,dynamic_energy_per_token_mj,RND_0475,9.517800331115723,10.358707427978516
42,dynamic_energy_per_token_mj,RND_0153,31.92930030822754,33.04020690917969
42,dynamic_energy_per_token_mj,RND_0836,35.66590118408203,20.584325790405273
42,dynamic_energy_per_token_mj,RND_0050,41.9921989440918,36.6663818359375
42,dynamic_energy_per_token_mj,RND_0585,44.875701904296875,37.307594299316406
42,dynamic_energy_per_token_mj,RND_0098,18.126800537109375,21.0908203125
42,dynamic_energy_per_token_mj,RND_0060,19.958900451660156,17.146793365478516
42,dynamic_energy_per_token_mj,RND_0821,18.163000106811523,15.696885108947754
42,dynamic_energy_per_token_mj,RND_0105,33.84669876098633,35.928688049316406
42,dynamic_energy_per_token_mj,RND_0477,18.742900848388672,20.804218292236328
42,dynamic_energy_per_token_mj,RND_0925,46.25239944458008,30.651615142822266
42,dynamic_energy_per_token_mj,RND_0500,39.457000732421875,40.498313903808594
42,dynamic_energy_per_token_mj,RND_0112,16.562299728393555,19.850038528442383
42,dynamic_energy_per_token_mj,RND_0417,25.08650016784668,29.845569610595703
42,dynamic_energy_per_token_mj,RND_0551,6.7104997634887695,7.469829082489014
42,dynamic_energy_per_token_mj,RND_0156,60.368499755859375,55.59543991088867
42,dynamic_energy_per_token_mj,RND_0379,10.266200065612793,8.97805404663086
42,dynamic_energy_per_token_mj,RND_0827,45.565799713134766,41.0127067565918
42,dynamic_energy_per_token_mj,RND_0318,13.711899757385254,11.30948257446289
42,dynamic_energy_per_token_mj,RND_0856,37.35820007324219,38.26475143432617
42,dynamic_energy_per_token_mj,RND_0574,15.894100189208984,8.817225456237793
42,dynamic_energy_per_token_mj,RND_0028,41.134498596191406,41.274776458740234
42,dynamic_energy_per_token_mj,RND_0590,48.476600646972656,48.099876403808594
42,dynamic_energy_per_token_mj,RND_0851,31.078100204467773,23.47802734375
42,dynamic_energy_per_token_mj,RND_0798,49.774200439453125,44.2283821105957
42,dynamic_energy_per_token_mj,RND_0117,9.909799575805664,10.920787811279297
42,dynamic_energy_per_token_mj,RND_0408,15.92590045928955,16.240365982055664
42,dynamic_energy_per_token_mj,RND_0106,26.273399353027344,30.01908302307129
42,dynamic_energy_per_token_mj,RND_0815,32.545101165771484,32.04066848754883
42,dynamic_energy_per_token_mj,RND_0261,59.44620132446289,58.17815399169922
42,dynamic_energy_per_token_mj,RND_0245,32.559600830078125,36.54191589355469
42,dynamic_energy_per_token_mj,RND_0006,17.39349937438965,17.84568977355957
42,dynamic_energy_per_token_mj,RND_0807,22.097000122070312,20.807069778442383
42,dynamic_energy_per_token_mj,RND_0739,8.998499870300293,9.075905799865723
42,dynamic_energy_per_token_mj,RND_0829,59.44390106201172,54.14213180541992
42,dynamic_energy_per_token_mj,RND_0166,21.664600372314453,20.114788055419922
42,dynamic_energy_per_token_mj,RND_0066,14.475299835205078,10.573793411254883
42,dynamic_energy_per_token_mj,RND_0584,20.1825008392334,9.624255180358887
42,dynamic_energy_per_token_mj,RND_0450,33.2755012512207,18.771493911743164
42,dynamic_energy_per_token_mj,RND_0164,51.74209976196289,56.638004302978516
42,dynamic_energy_per_token_mj,RND_0283,21.340099334716797,19.93459129333496
42,dynamic_energy_per_token_mj,RND_0230,58.414798736572266,56.549842834472656
42,dynamic_energy_per_token_mj,RND_0525,6.20359992980957,6.27116060256958
42,dynamic_energy_per_token_mj,RND_0004,33.38090133666992,27.579208374023438
42,dynamic_energy_per_token_mj,RND_0640,16.72089958190918,13.41991138458252
42,dynamic_energy_per_token_mj,RND_0818,16.619300842285156,14.778185844421387
42,dynamic_energy_per_token_mj,RND_0240,35.64720153808594,33.972328186035156
42,dynamic_energy_per_token_mj,RND_0791,25.887500762939453,20.162572860717773
42,dynamic_energy_per_token_mj,RND_0929,20.768400192260742,14.116655349731445
42,dynamic_energy_per_token_mj,RND_0784,4.912600040435791,15.462822914123535
42,dynamic_energy_per_token_mj,RND_0428,8.14739990234375,9.274563789367676
42,dynamic_energy_per_token_mj,RND_0734,5.448999881744385,6.144885063171387
42,dynamic_energy_per_token_mj,RND_0540,18.944700241088867,14.424410820007324
42,dynamic_energy_per_token_mj,RND_0866,26.09939956665039,25.569913864135742
42,dynamic_energy_per_token_mj,RND_0792,12.001999855041504,14.77951431274414
42,dynamic_energy_per_token_mj,RND_0019,8.699700355529785,8.462014198303223
42,dynamic_energy_per_token_mj,RND_0129,19.987699508666992,24.657379150390625
42,dynamic_energy_per_token_mj,RND_0458,7.273399829864502,8.088778495788574
42,dynamic_energy_per_token_mj,RND_0896,13.106300354003906,16.85627555847168
42,dynamic_energy_per_token_mj,RND_0031,18.17889976501465,19.412809371948242
42,dynamic_energy_per_token_mj,RND_0353,35.70209884643555,38.5101318359375
42,dynamic_energy_per_token_mj,RND_0151,7.702199935913086,12.706873893737793
42,dynamic_energy_per_token_mj,RND_0887,28.459400177001953,17.113723754882812
42,dynamic_energy_per_token_mj,RND_0295,27.367700576782227,29.738767623901367
42,dynamic_energy_per_token_mj,RND_0919,20.394800186157227,18.92133140563965
42,dynamic_energy_per_token_mj,RND_0872,14.3996000289917,17.8728084564209
42,dynamic_energy_per_token_mj,RND_0616,14.7701997756958,14.069802284240723
42,dynamic_energy_per_token_mj,RND_0405,13.162300109863281,16.252044677734375
42,dynamic_energy_per_token_mj,RND_0304,7.1940999031066895,8.726819038391113
42,dynamic_energy_per_token_mj,RND_0906,34.43320083618164,23.487382888793945
42,dynamic_energy_per_token_mj,RND_0885,18.132099151611328,15.666115760803223
42,dynamic_energy_per_token_mj,RND_0902,27.577800750732422,17.719467163085938
42,dynamic_energy_per_token_mj,RND_0029,28.018299102783203,28.28995704650879
42,dynamic_energy_per_token_mj,RND_0154,19.52280044555664,23.686630249023438
42,dynamic_energy_per_token_mj,RND_0212,17.491300582885742,17.071016311645508
42,dynamic_energy_per_token_mj,RND_0921,13.920900344848633,11.688743591308594
42,dynamic_energy_per_token_mj,RND_0876,54.3922004699707,50.66389846801758
42,dynamic_energy_per_token_mj,RND_0221,9.8149995803833,24.984968185424805
42,dynamic_energy_per_token_mj,RND_0400,7.868299961090088,11.277312278747559
42,dynamic_energy_per_token_mj,RND_0944,31.832300186157227,32.50226974487305
42,dynamic_energy_per_token_mj,RND_0189,11.320199966430664,16.30712127685547
42,dynamic_energy_per_token_mj,RND_0196,32.27539825439453,27.60296058654785
42,dynamic_energy_per_token_mj,RND_0924,12.254799842834473,7.113151550292969
42,dynamic_energy_per_token_mj,RND_0516,16.47920036315918,21.437637329101562
42,dynamic_energy_per_token_mj,RND_0169,18.952299118041992,14.45271110534668
42,dynamic_energy_per_token_mj,RND_0258,27.906299591064453,21.795679092407227
42,dynamic_energy_per_token_mj,RND_0466,62.85540008544922,60.72755813598633
42,dynamic_energy_per_token_mj,RND_0165,65.80560302734375,76.02123260498047
42,dynamic_energy_per_token_mj,RND_0629,17.255300521850586,15.5872802734375
42,dynamic_energy_per_token_mj,RND_0008,40.33679962158203,40.1300163269043
42,dynamic_energy_per_token_mj,RND_0399,43.9463996887207,35.13018035888672
42,dynamic_energy_per_token_mj,RND_0714,22.739599227905273,25.846054077148438
42,dynamic_energy_per_token_mj,RND_0794,4.592800140380859,8.889640808105469
42,dynamic_energy_per_token_mj,RND_0300,47.9364013671875,45.602943420410156
42,dynamic_energy_per_token_mj,RND_0882,11.80720043182373,12.549372673034668
42,dynamic_energy_per_token_mj,RND_0559,40.80009841918945,36.29203414916992
42,dynamic_energy_per_token_mj,RND_0394,30.940399169921875,30.95684242248535
42,dynamic_energy_per_token_mj,RND_0492,8.464400291442871,10.226325035095215
42,dynamic_energy_per_token_mj,RND_0644,4.682000160217285,12.715235710144043
42,dynamic_energy_per_token_mj,RND_0932,16.85449981689453,19.80136489868164
42,dynamic_energy_per_token_mj,RND_0871,26.561100006103516,16.92961311340332
42,dynamic_energy_per_token_mj,RND_0235,46.46649932861328,45.58839797973633
42,dynamic_energy_per_token_mj,RND_0431,24.03890037536621,26.379056930541992
42,dynamic_energy_per_token_mj,RND_0414,16.23780059814453,16.413129806518555
42,dynamic_energy_per_token_mj,RND_0273,89.11920166015625,86.08355712890625
42,dynamic_energy_per_token_mj,RND_0839,35.06560134887695,15.7677583694458
42,dynamic_energy_per_token_mj,RND_0254,16.865800857543945,15.864771842956543
42,dynamic_energy_per_token_mj,RND_0895,9.48009967803955,8.94568157196045
42,dynamic_energy_per_token_mj,RND_0832,50.056800842285156,45.99290466308594
42,dynamic_energy_per_token_mj,RND_0390,28.395999908447266,31.005172729492188
42,dynamic_energy_per_token_mj,RND_0306,21.273000717163086,22.577472686767578
42,dynamic_energy_per_token_mj,RND_0407,7.504000186920166,10.179298400878906
42,dynamic_energy_per_token_mj,RND_0931,40.855499267578125,36.2772331237793
42,dynamic_energy_per_token_mj,RND_0325,27.072799682617188,22.452960968017578
42,dynamic_energy_per_token_mj,RND_0758,11.592000007629395,12.871681213378906
42,dynamic_energy_per_token_mj,RND_0488,45.68050003051758,44.493629455566406
42,dynamic_energy_per_token_mj,RND_0558,7.957499980926514,10.30036735534668
42,dynamic_energy_per_token_mj,RND_0386,14.223699569702148,17.655826568603516
42,dynamic_energy_per_token_mj,RND_0227,22.59239959716797,19.133451461791992
42,dynamic_energy_per_token_mj,RND_0634,24.657800674438477,21.297388076782227
42,dynamic_energy_per_token_mj,RND_0281,5.019400119781494,7.7364654541015625
42,dynamic_energy_per_token_mj,RND_0937,29.122600555419922,25.12422752380371
42,dynamic_energy_per_token_mj,RND_0064,10.049500465393066,8.721454620361328
42,dynamic_energy_per_token_mj,RND_0125,26.049100875854492,25.921953201293945
42,dynamic_energy_per_token_mj,RND_0938,81.7520980834961,75.7900619506836
42,dynamic_energy_per_token_mj,RND_0572,16.171899795532227,9.410282135009766
42,dynamic_energy_per_token_mj,RND_0420,16.146699905395508,17.73935890197754
42,dynamic_energy_per_token_mj,RND_0646,23.69070053100586,24.867874145507812
42,dynamic_energy_per_token_mj,RND_0842,37.386600494384766,18.480146408081055
42,dynamic_energy_per_token_mj,RND_0315,32.1442985534668,31.815513610839844
42,dynamic_energy_per_token_mj,RND_0033,25.57939910888672,19.521587371826172
42,dynamic_energy_per_token_mj,RND_0652,50.02840042114258,51.8300895690918
42,dynamic_energy_per_token_mj,RND_0159,90.49929809570312,77.74624633789062
42,dynamic_energy_per_token_mj,RND_0303,34.56439971923828,33.30667495727539
42,dynamic_energy_per_token_mj,RND_0097,54.33489990234375,47.49143981933594
42,dynamic_energy_per_token_mj,RND_0849,29.093299865722656,21.25487518310547
42,dynamic_energy_per_token_mj,RND_0884,46.387901306152344,48.5982551574707
42,dynamic_energy_per_token_mj,RND_0548,13.827799797058105,21.640789031982422
42,dynamic_energy_per_token_mj,RND_0606,73.44930267333984,76.07780456542969
42,dynamic_energy_per_token_mj,RND_0770,5.397900104522705,6.468118667602539
42,dynamic_energy_per_token_mj,RND_0137,8.659199714660645,8.092826843261719
42,dynamic_energy_per_token_mj,RND_0078,32.040000915527344,31.472431182861328
42,dynamic_energy_per_token_mj,RND_0013,29.23080062866211,27.11404037475586
42,dynamic_energy_per_token_mj,RND_0382,22.189599990844727,20.647117614746094
42,dynamic_energy_per_token_mj,RND_0505,8.255200386047363,9.159464836120605
42,dynamic_energy_per_token_mj,RND_0601,26.12980079650879,20.76801109313965
42,dynamic_energy_per_token_mj,RND_0612,24.88680076599121,19.003414154052734
42,dynamic_energy_per_token_mj,RND_0426,8.39840030670166,7.906163692474365
42,dynamic_energy_per_token_mj,RND_0188,62.57780075073242,69.61549377441406
42,dynamic_energy_per_token_mj,RND_0656,29.8075008392334,73.01045989990234
42,dynamic_energy_per_token_mj,RND_0020,30.898799896240234,21.165433883666992
42,dynamic_energy_per_token_mj,RND_0330,33.18579864501953,31.970922470092773
42,dynamic_energy_per_token_mj,RND_0614,13.890999794006348,12.961186408996582
42,dynamic_energy_per_token_mj,RND_0603,21.915800094604492,16.780473709106445
42,dynamic_energy_per_token_mj,RND_0199,34.28710174560547,26.674768447875977
42,dynamic_energy_per_token_mj,RND_0419,14.579000473022461,16.348997116088867
42,dynamic_energy_per_token_mj,RND_0675,29.4778995513916,29.647846221923828
42,dynamic_energy_per_token_mj,RND_0266,42.47309875488281,40.04056167602539
42,dynamic_energy_per_token_mj,RND_0195,9.334799766540527,8.618342399597168
42,dynamic_energy_per_token_mj,RND_0158,16.532899856567383,21.22464370727539
42,dynamic_energy_per_token_mj,RND_0308,7.63539981842041,7.0025858879089355
42,dynamic_energy_per_token_mj,RND_0667,7.018799781799316,8.126611709594727
42,dynamic_energy_per_token_mj,RND_0550,59.6786003112793,47.017154693603516
42,dynamic_energy_per_token_mj,RND_0432,16.62350082397461,25.290658950805664
42,dynamic_energy_per_token_mj,RND_0418,7.034999847412109,8.772217750549316
42,dynamic_energy_per_token_mj,RND_0459,18.38629913330078,15.593729019165039
42,dynamic_energy_per_token_mj,RND_0367,10.306500434875488,11.503175735473633
42,dynamic_energy_per_token_mj,RND_0920,17.43400001525879,15.58535099029541
42,dynamic_energy_per_token_mj,RND_0647,8.361900329589844,9.806859016418457
42,dynamic_energy_per_token_mj,RND_0523,22.73110008239746,23.429983139038086
42,dynamic_energy_per_token_mj,RND_0119,19.475099563598633,15.749130249023438
42,dynamic_energy_per_token_mj,RND_0662,26.402099609375,18.108964920043945
42,dynamic_energy_per_token_mj,RND_0864,25.060800552368164,22.82185173034668
42,dynamic_energy_per_token_mj,RND_0248,51.33420181274414,53.97452926635742
42,dynamic_energy_per_token_mj,RND_0049,14.746600151062012,16.115392684936523
42,dynamic_energy_per_token_mj,RND_0751,31.28350067138672,34.22706604003906
42,dynamic_energy_per_token_mj,RND_0752,15.398300170898438,17.22943687438965
42,dynamic_energy_per_token_mj,RND_0045,6.980400085449219,7.707584381103516
42,dynamic_energy_per_token_mj,RND_0878,26.26420021057129,22.4859619140625
42,dynamic_energy_per_token_mj,RND_0478,18.19849967956543,20.638784408569336
42,dynamic_energy_per_token_mj,RND_0284,14.915399551391602,13.503087997436523
42,dynamic_energy_per_token_mj,RND_0922,13.308699607849121,16.40676498413086
123,tpot_ms,RND_0706,47.779998779296875,50.290042877197266
123,tpot_ms,RND_0910,44.41999816894531,44.85770797729492
123,tpot_ms,RND_0717,35.45000076293945,38.36914825439453
123,tpot_ms,RND_0462,25.450000762939453,28.051485061645508
123,tpot_ms,RND_0740,30.1299991607666,29.92474365234375
123,tpot_ms,RND_0543,36.58000183105469,37.42437744140625
123,tpot_ms,RND_0475,30.420000076293945,31.42116928100586
123,tpot_ms,RND_0153,73.05000305175781,77.92740631103516
123,tpot_ms,RND_0836,64.2300033569336,43.975914001464844
123,tpot_ms,RND_0050,101.62999725341797,112.27873229980469
123,tpot_ms,RND_0585,74.3499984741211,58.96617126464844
123,tpot_ms,RND_0098,64.5199966430664,67.22216796875
123,tpot_ms,RND_0060,40.130001068115234,41.92921829223633
123,tpot_ms,RND_0821,42.61000061035156,46.909854888916016
123,tpot_ms,RND_0105,53.11000061035156,59.81943130493164
123,tpot_ms,RND_0477,38.2599983215332,43.72697830200195
123,tpot_ms,RND_0925,120.91999816894531,82.8996353149414
123,tpot_ms,RND_0500,91.66000366210938,94.60323333740234
123,tpot_ms,RND_0112,39.47999954223633,46.48288345336914
123,tpot_ms,RND_0417,48.220001220703125,56.85745620727539
123,tpot_ms,RND_0551,21.649999618530273,21.875341415405273
123,tpot_ms,RND_0156,112.98999786376953,119.15225982666016
123,tpot_ms,RND_0379,25.389999389648438,25.887737274169922
123,tpot_ms,RND_0827,81.16999816894531,88.10081481933594
123,tpot_ms,RND_0318,30.31999969482422,32.12778091430664
123,tpot_ms,RND_0856,65.79000091552734,71.17393493652344
123,tpot_ms,RND_0574,42.720001220703125,27.41193199157715
123,tpot_ms,RND_0028,79.05000305175781,83.81610107421875
123,tpot_ms,RND_0590,80.19000244140625,72.80579376220703
123,tpot_ms,RND_0851,62.619998931884766,53.447540283203125
123,tpot_ms,RND_0798,107.63999938964844,111.11482238769531
123,tpot_ms,RND_0117,33.61000061035156,33.4342041015625
123,tpot_ms,RND_0408,36.869998931884766,37.45320129394531
123,tpot_ms,RND_0106,46.84000015258789,58.49217224121094
123,tpot_ms,RND_0815,64.80999755859375,69.15583801269531
123,tpot_ms,RND_0261,102.3499984741211,98.79698944091797
123,tpot_ms,RND_0245,69.69000244140625,78.3306884765625
123,tpot_ms,RND_0006,47.099998474121094,50.162391662597656
123,tpot_ms,RND_0807,91.41000366210938,85.5923080444336
123,tpot_ms,RND_0739,28.649999618530273,29.745874404907227
123,tpot_ms,RND_0829,86.36000061035156,86.1650390625
123,tpot_ms,RND_0166,36.58000183105469,41.13899230957031
123,tpot_ms,RND_0066,31.489999771118164,28.970600128173828
123,tpot_ms,RND_0584,39.20000076293945,26.92490577697754
123,tpot_ms,RND_0450,37.43000030517578,37.8381462097168
123,tpot_ms,RND_0164,107.87000274658203,121.48407745361328
123,tpot_ms,RND_0283,37.709999084472656,38.85417556762695
123,tpot_ms,RND_0230,124.69000244140625,123.86088562011719
123,tpot_ms,RND_0525,22.09000015258789,21.117050170898438
123,tpot_ms,RND_0004,72.41000366210938,50.031700134277344
123,tpot_ms,RND_0640,42.06999969482422,38.999366760253906
123,tpot_ms,RND_0818,43.56999969482422,46.99514389038086
123,tpot_ms,RND_0240,105.1500015258789,106.53374481201172
123,tpot_ms,RND_0791,66.76000213623047,49.98905944824219
123,tpot_ms,RND_0929,45.560001373291016,33.00920104980469
123,tpot_ms,RND_0784,54.5,36.16556930541992
123,tpot_ms,RND_0428,22.31999969482422,25.08083152770996
123,tpot_ms,RND_0734,19.0,20.582544326782227
123,tpot_ms,RND_0540,35.029998779296875,38.24028015136719
123,tpot_ms,RND_0866,57.209999084472656,63.19770050048828
123,tpot_ms,RND_0792,42.349998474121094,44.67975616455078
123,tpot_ms,RND_0019,37.84000015258789,32.65550231933594
123,tpot_ms,RND_0129,42.22999954223633,51.729156494140625
123,tpot_ms,RND_0458,24.639999389648438,24.116456985473633
123,tpot_ms,RND_0896,52.029998779296875,49.70064926147461
123,tpot_ms,RND_0031,43.61000061035156,45.83644104003906
123,tpot_ms,RND_0353,89.61000061035156,88.9549560546875
123,tpot_ms,RND_0151,26.15999984741211,39.45503234863281
123,tpot_ms,RND_0887,52.599998474121094,47.793094635009766
123,tpot_ms,RND_0295,44.79999923706055,51.41082000732422
123,tpot_ms,RND_0919,47.2599983215332,48.654991149902344
123,tpot_ms,RND_0872,43.15999984741211,47.27788543701172
123,tpot_ms,RND_0616,42.119998931884766,40.45952606201172
123,tpot_ms,RND_0405,29.969999313354492,29.226388931274414
123,tpot_ms,RND_0304,24.520000457763672,25.92088508605957
123,tpot_ms,RND_0906,70.81999969482422,58.08934020996094
123,tpot_ms,RND_0885,48.63999938964844,50.30491256713867
123,tpot_ms,RND_0902,59.099998474121094,52.342777252197266
123,tpot_ms,RND_0029,61.880001068115234,63.88986587524414
123,tpot_ms,RND_0154,42.59000015258789,54.739620208740234
123,tpot_ms,RND_0212,43.15999984741211,43.02616500854492
123,tpot_ms,RND_0921,38.52000045776367,41.26456069946289
123,tpot_ms,RND_0876,87.11000061035156,97.1424560546875
123,tpot_ms,RND_0221,59.52000045776367,61.649681091308594
123,tpot_ms,RND_0400,29.459999084472656,32.245826721191406
123,tpot_ms,RND_0944,65.19000244140625,65.80843353271484
123,tpot_ms,RND_0189,47.939998626708984,47.40568923950195
123,tpot_ms,RND_0196,64.80999755859375,61.8560676574707
123,tpot_ms,RND_0924,39.59000015258789,23.531057357788086
123,tpot_ms,RND_0516,63.529998779296875,74.92547607421875
123,tpot_ms,RND_0169,51.119998931884766,38.04642105102539
123,tpot_ms,RND_0258,50.150001525878906,56.72298049926758
123,tpot_ms,RND_0466,115.33999633789062,127.64429473876953
123,tpot_ms,RND_0165,125.0,141.90992736816406
123,tpot_ms,RND_0629,43.380001068115234,48.80338668823242
123,tpot_ms,RND_0008,112.11000061035156,114.33627319335938
123,tpot_ms,RND_0399,92.41999816894531,97.07202911376953
123,tpot_ms,RND_0714,69.19999694824219,73.68374633789062
123,tpot_ms,RND_0794,30.899999618530273,33.333248138427734
123,tpot_ms,RND_0300,98.72000122070312,114.5560302734375
123,tpot_ms,RND_0882,38.939998626708984,38.12025833129883
123,tpot_ms,RND_0559,91.48999786376953,93.70661163330078
123,tpot_ms,RND_0394,49.79999923706055,55.315673828125
123,tpot_ms,RND_0492,28.0,31.61322784423828
123,tpot_ms,RND_0644,44.84000015258789,40.24709701538086
123,tpot_ms,RND_0932,45.47999954223633,48.79043960571289
123,tpot_ms,RND_0871,45.349998474121094,47.233154296875
123,tpot_ms,RND_0235,76.91999816894531,85.56529998779297
123,tpot_ms,RND_0431,45.25,50.698974609375
123,tpot_ms,RND_0414,35.15999984741211,42.319271087646484
123,tpot_ms,RND_0273,203.25,189.89248657226562
123,tpot_ms,RND_0839,58.279998779296875,40.78990173339844
123,tpot_ms,RND_0254,50.43000030517578,46.87613296508789
123,tpot_ms,RND_0895,39.619998931884766,35.64948654174805
123,tpot_ms,RND_0832,77.63999938964844,82.63446044921875
123,tpot_ms,RND_0390,74.95999908447266,81.2127914428711
123,tpot_ms,RND_0306,38.54999923706055,46.593017578125
123,tpot_ms,RND_0407,28.610000610351562,34.961280822753906
123,tpot_ms,RND_0931,71.43000030517578,74.66266632080078
123,tpot_ms,RND_0325,44.189998626708984,43.1721305847168
123,tpot_ms,RND_0758,35.56999969482422,34.3692512512207
123,tpot_ms,RND_0488,93.80999755859375,97.03546905517578
123,tpot_ms,RND_0558,24.200000762939453,30.69754409790039
123,tpot_ms,RND_0386,39.290000915527344,39.95989990234375
123,tpot_ms,RND_0227,48.900001525878906,46.41004180908203
123,tpot_ms,RND_0634,57.56999969482422,58.54530334472656
123,tpot_ms,RND_0281,22.610000610351562,23.337947845458984
123,tpot_ms,RND_0937,60.86000061035156,58.7449951171875
123,tpot_ms,RND_0064,28.1299991607666,28.896120071411133
123,tpot_ms,RND_0125,53.849998474121094,46.316612243652344
123,tpot_ms,RND_0938,178.25,180.33944702148438
123,tpot_ms,RND_0572,38.77000045776367,25.599864959716797
123,tpot_ms,RND_0420,39.5099983215332,40.061771392822266
123,tpot_ms,RND_0646,58.380001068115234,57.164154052734375
123,tpot_ms,RND_0842,75.98999786376953,40.92879867553711
123,tpot_ms,RND_0315,76.44999694824219,86.06307983398438
123,tpot_ms,RND_0033,51.2599983215332,46.02672576904297
123,tpot_ms,RND_0652,145.55999755859375,131.60702514648438
123,tpot_ms,RND_0159,163.6699981689453,187.02764892578125
123,tpot_ms,RND_0303,85.91000366210938,92.47756958007812
123,tpot_ms,RND_0097,114.55000305175781,121.34745025634766
123,tpot_ms,RND_0849,54.880001068115234,47.892066955566406
123,tpot_ms,RND_0884,75.36000061035156,77.70407104492188
123,tpot_ms,RND_0548,37.939998626708984,49.32011032104492
123,tpot_ms,RND_0606,162.07000732421875,164.3727264404297
123,tpot_ms,RND_0770,22.389999389648438,22.235837936401367
123,tpot_ms,RND_0137,24.780000686645508,25.255746841430664
123,tpot_ms,RND_0078,72.1500015258789,77.16826629638672
123,tpot_ms,RND_0013,65.91999816894531,59.52743148803711
123,tpot_ms,RND_0382,53.880001068115234,59.84382247924805
123,tpot_ms,RND_0505,25.899999618530273,27.2032413482666
123,tpot_ms,RND_0601,57.900001525878906,58.16669845581055
123,tpot_ms,RND_0612,48.04999923706055,52.85075759887695
123,tpot_ms,RND_0426,23.059999465942383,25.356765747070312
123,tpot_ms,RND_0188,141.0399932861328,175.84046936035156
123,tpot_ms,RND_0656,180.17999267578125,180.1361846923828
123,tpot_ms,RND_0020,88.5,83.41773986816406
123,tpot_ms,RND_0330,50.9900016784668,57.96460723876953
123,tpot_ms,RND_0614,37.189998626708984,36.801273345947266
123,tpot_ms,RND_0603,51.38999938964844,45.98769760131836
123,tpot_ms,RND_0199,63.09000015258789,64.63675689697266
123,tpot_ms,RND_0419,37.650001525878906,42.041290283203125
123,tpot_ms,RND_0675,60.16999816894531,61.054874420166016
123,tpot_ms,RND_0266,70.7699966430664,72.77171325683594
123,tpot_ms,RND_0195,36.779998779296875,37.55681228637695
123,tpot_ms,RND_0158,33.650001525878906,50.29404830932617
123,tpot_ms,RND_0308,22.479999542236328,24.63338851928711
123,tpot_ms,RND_0667,32.20000076293945,35.015384674072266
123,tpot_ms,RND_0550,116.13999938964844,121.75125122070312
123,tpot_ms,RND_0432,43.349998474121094,51.77687072753906
123,tpot_ms,RND_0418,30.520000457763672,26.45657730102539
123,tpot_ms,RND_0459,34.2599983215332,33.68622970581055
123,tpot_ms,RND_0367,26.549999237060547,28.866090774536133
123,tpot_ms,RND_0920,51.099998474121094,51.78058624267578
123,tpot_ms,RND_0647,31.8700008392334,34.26876449584961
123,tpot_ms,RND_0523,38.4900016784668,43.112152099609375
123,tpot_ms,RND_0119,33.459999084472656,41.80672836303711
123,tpot_ms,RND_0662,84.38999938964844,80.33885192871094
123,tpot_ms,RND_0864,54.40999984741211,57.61109924316406
123,tpot_ms,RND_0248,86.27999877929688,91.46334075927734
123,tpot_ms,RND_0049,37.130001068115234,36.02348327636719
123,tpot_ms,RND_0751,59.2400016784668,72.06670379638672
123,tpot_ms,RND_0752,37.09000015258789,42.977596282958984
123,tpot_ms,RND_0045,21.200000762939453,22.6531982421875
123,tpot_ms,RND_0878,56.560001373291016,53.24519729614258
123,tpot_ms,RND_0478,63.40999984741211,61.701175689697266
123,tpot_ms,RND_0284,34.61000061035156,38.61772155761719
123,tpot_ms,RND_0922,36.58000183105469,40.84824752807617
123,ttft_ms,RND_0706,1278.0,1377.4571533203125
123,ttft_ms,RND_0910,1025.0,1009.1002197265625
123,ttft_ms,RND_0717,832.0,851.96728515625
123,ttft_ms,RND_0462,651.0,622.5310668945312
123,ttft_ms,RND_0740,799.0,723.6005249023438
123,ttft_ms,RND_0543,867.0,887.5946044921875
123,ttft_ms,RND_0475,704.0,700.4032592773438
123,ttft_ms,RND_0153,442.0,488.6113586425781
123,ttft_ms,RND_0836,1578.0,1106.448486328125
123,ttft_ms,RND_0050,681.0,695.7742919921875
123,ttft_ms,RND_0585,1971.0,1531.974853515625
123,ttft_ms,RND_0098,360.0,384.5807189941406
123,ttft_ms,RND_0060,975.0,1022.415771484375
123,ttft_ms,RND_0821,882.0,849.2525634765625
123,ttft_ms,RND_0105,1606.0,1659.786865234375
123,ttft_ms,RND_0477,1078.0,1161.37255859375
123,ttft_ms,RND_0925,697.0,482.3108825683594
123,ttft_ms,RND_0500,537.0,669.952880859375
123,ttft_ms,RND_0112,1018.0,1149.70947265625
123,ttft_ms,RND_0417,1425.0,1486.22998046875
123,ttft_ms,RND_0551,471.0,452.99407958984375
123,ttft_ms,RND_0156,791.0,867.4102172851562
123,ttft_ms,RND_0379,558.0,625.175048828125
123,ttft_ms,RND_0827,2242.0,2186.01708984375
123,ttft_ms,RND_0318,863.0,795.6046752929688
123,ttft_ms,RND_0856,1653.0,1632.08642578125
123,ttft_ms,RND_0574,939.0,644.1863403320312
123,ttft_ms,RND_0028,1864.0,1888.5665283203125
123,ttft_ms,RND_0590,1843.0,1946.636474609375
123,ttft_ms,RND_0851,1433.0,1196.8531494140625
123,ttft_ms,RND_0798,787.0,868.4771728515625
123,ttft_ms,RND_0117,838.0,815.5025024414062
123,ttft_ms,RND_0408,900.0,967.1041870117188
123,ttft_ms,RND_0106,1348.0,1438.6378173828125
123,ttft_ms,RND_0815,1529.0,1547.2080078125
123,ttft_ms,RND_0261,3120.0,2680.982421875
123,ttft_ms,RND_0245,1768.0,1795.9029541015625
123,ttft_ms,RND_0006,967.0,857.4791259765625
123,ttft_ms,RND_0807,489.0,467.4295959472656
123,ttft_ms,RND_0739,633.0,653.3356323242188
123,ttft_ms,RND_0829,2393.0,2305.372802734375
123,ttft_ms,RND_0166,1004.0,1066.5751953125
123,ttft_ms,RND_0066,799.0,782.8077392578125
123,ttft_ms,RND_0584,790.0,603.642822265625
123,ttft_ms,RND_0450,934.0,959.8723754882812
123,ttft_ms,RND_0164,755.0,827.7114868164062
123,ttft_ms,RND_0283,1017.0,1075.996826171875
123,ttft_ms,RND_0230,974.0,915.18359375
123,ttft_ms,RND_0525,376.0,395.4049377441406
123,ttft_ms,RND_0004,1956.0,1360.3165283203125
123,ttft_ms,RND_0640,763.0,715.49267578125
123,ttft_ms,RND_0818,990.0,977.096923828125
123,ttft_ms,RND_0240,610.0,589.4002685546875
123,ttft_ms,RND_0791,1612.0,1240.9730224609375
123,ttft_ms,RND_0929,807.0,589.2881469726562
123,ttft_ms,RND_0784,1297.0,972.6807250976562
123,ttft_ms,RND_0428,598.0,610.862060546875
123,ttft_ms,RND_0734,389.0,365.5518798828125
123,ttft_ms,RND_0540,859.0,931.8639526367188
123,ttft_ms,RND_0866,1383.0,1375.1221923828125
123,ttft_ms,RND_0792,862.0,945.4961547851562
123,ttft_ms,RND_0019,615.0,544.3043823242188
123,ttft_ms,RND_0129,1070.0,1275.953125
123,ttft_ms,RND_0458,496.0,519.8074951171875
123,ttft_ms,RND_0896,1198.0,1079.1563720703125
123,ttft_ms,RND_0031,999.0,947.7802124023438
123,ttft_ms,RND_0353,541.0,603.7605590820312
123,ttft_ms,RND_0151,530.0,732.8684692382812
123,ttft_ms,RND_0887,870.0,832.0211791992188
123,ttft_ms,RND_0295,1241.0,1352.5672607421875
123,ttft_ms,RND_0919,1024.0,1025.222412109375
123,ttft_ms,RND_0872,868.0,778.9750366210938
123,ttft_ms,RND_0616,1001.0,823.4131469726562
123,ttft_ms,RND_0405,710.0,656.1366577148438
123,ttft_ms,RND_0304,656.0,599.6536865234375
123,ttft_ms,RND_0906,1384.0,1321.80908203125
123,ttft_ms,RND_0885,1039.0,1083.265380859375
123,ttft_ms,RND_0902,1272.0,1107.7113037109375
123,ttft_ms,RND_0029,1433.0,1465.294677734375
123,ttft_ms,RND_0154,1095.0,1425.739501953125
123,ttft_ms,RND_0212,757.0,745.1072998046875
123,ttft_ms,RND_0921,792.0,732.40283203125
123,ttft_ms,RND_0876,2310.0,2406.166259765625
123,ttft_ms,RND_0221,1389.0,1316.0244140625
123,ttft_ms,RND_0400,699.0,753.5604858398438
123,ttft_ms,RND_0944,1589.0,1575.045654296875
123,ttft_ms,RND_0189,1042.0,972.1873779296875
123,ttft_ms,RND_0196,1407.0,1455.777099609375
123,ttft_ms,RND_0924,708.0,472.2661437988281
123,ttft_ms,RND_0516,350.0,396.8315734863281
123,ttft_ms,RND_0169,1138.0,894.8534545898438
123,ttft_ms,RND_0258,1184.0,1144.0384521484375
123,ttft_ms,RND_0466,854.0,951.7483520507812
123,ttft_ms,RND_0165,959.0,1062.7640380859375
123,ttft_ms,RND_0629,932.0,1041.5654296875
123,ttft_ms,RND_0008,637.0,652.1649780273438
123,ttft_ms,RND_0399,637.0,643.216064453125
123,ttft_ms,RND_0714,379.0,427.6724853515625
123,ttft_ms,RND_0794,513.0,530.4392700195312
123,ttft_ms,RND_0300,735.0,764.8800659179688
123,ttft_ms,RND_0882,682.0,715.6817016601562
123,ttft_ms,RND_0559,589.0,630.0936889648438
123,ttft_ms,RND_0394,1526.0,1573.457275390625
123,ttft_ms,RND_0492,657.0,728.3263549804688
123,ttft_ms,RND_0644,844.0,712.0269165039062
123,ttft_ms,RND_0932,897.0,990.6565551757812
123,ttft_ms,RND_0871,1138.0,959.3017578125
123,ttft_ms,RND_0235,2074.0,2079.991455078125
123,ttft_ms,RND_0431,1221.0,1242.292724609375
123,ttft_ms,RND_0414,992.0,1039.4444580078125
123,ttft_ms,RND_0273,1366.0,1434.09130859375
123,ttft_ms,RND_0839,1346.0,868.231201171875
123,ttft_ms,RND_0254,989.0,1001.173828125
123,ttft_ms,RND_0895,802.0,751.9789428710938
123,ttft_ms,RND_0832,1991.0,1937.044677734375
123,ttft_ms,RND_0390,513.0,504.2071533203125
123,ttft_ms,RND_0306,1137.0,1240.7274169921875
123,ttft_ms,RND_0407,668.0,741.0159912109375
123,ttft_ms,RND_0931,1818.0,1788.139892578125
123,ttft_ms,RND_0325,1392.0,1377.659423828125
123,ttft_ms,RND_0758,821.0,868.8855590820312
123,ttft_ms,RND_0488,690.0,716.9598388671875
123,ttft_ms,RND_0558,611.0,724.9896240234375
123,ttft_ms,RND_0386,974.0,1031.5123291015625
123,ttft_ms,RND_0227,929.0,900.1451416015625
123,ttft_ms,RND_0634,1316.0,1236.13134765625
123,ttft_ms,RND_0281,406.0,468.02130126953125
123,ttft_ms,RND_0937,1487.0,1362.949951171875
123,ttft_ms,RND_0064,615.0,619.7987060546875
123,ttft_ms,RND_0125,1307.0,1374.5950927734375
123,ttft_ms,RND_0938,1316.0,1283.8638916015625
123,ttft_ms,RND_0572,770.0,507.7428894042969
123,ttft_ms,RND_0420,998.0,1064.1007080078125
123,ttft_ms,RND_0646,1343.0,1359.852783203125
123,ttft_ms,RND_0842,1614.0,986.8084106445312
123,ttft_ms,RND_0315,462.0,492.0729675292969
123,ttft_ms,RND_0033,1002.0,1021.9157104492188
123,ttft_ms,RND_0652,890.0,847.4811401367188
123,ttft_ms,RND_0159,1208.0,1389.118896484375
123,ttft_ms,RND_0303,604.0,621.3741455078125
123,ttft_ms,RND_0097,921.0,910.0281982421875
123,ttft_ms,RND_0849,1385.0,1153.27685546875
123,ttft_ms,RND_0884,2045.0,1866.42529296875
123,ttft_ms,RND_0548,1036.0,1198.7532958984375
123,ttft_ms,RND_0606,1055.0,1057.3035888671875
123,ttft_ms,RND_0770,421.0,408.79901123046875
123,ttft_ms,RND_0137,476.0,497.2785339355469
123,ttft_ms,RND_0078,489.0,492.6942138671875
123,ttft_ms,RND_0013,1446.0,1410.0479736328125
123,ttft_ms,RND_0382,345.0,398.58404541015625
123,ttft_ms,RND_0505,429.0,468.500244140625
123,ttft_ms,RND_0601,1134.0,1133.392822265625
123,ttft_ms,RND_0612,1128.0,1133.85498046875
123,ttft_ms,RND_0426,591.0,594.644775390625
123,ttft_ms,RND_0188,924.0,881.8937377929688
123,ttft_ms,RND_0656,1282.0,1315.45849609375
123,ttft_ms,RND_0020,439.0,482.90850830078125
123,ttft_ms,RND_0330,1494.0,1564.94140625
123,ttft_ms,RND_0614,677.0,683.7437133789062
123,ttft_ms,RND_0603,1189.0,989.2342529296875
123,ttft_ms,RND_0199,1600.0,1456.0604248046875
123,ttft_ms,RND_0419,1049.0,1107.27978515625
123,ttft_ms,RND_0675,1410.0,1363.5467529296875
123,ttft_ms,RND_0266,1933.0,1657.671875
123,ttft_ms,RND_0195,651.0,698.6350708007812
123,ttft_ms,RND_0158,763.0,1117.3231201171875
123,ttft_ms,RND_0308,539.0,559.3810424804688
123,ttft_ms,RND_0667,521.0,519.261474609375
123,ttft_ms,RND_0550,817.0,910.49658203125
123,ttft_ms,RND_0432,1124.0,1272.2647705078125
123,ttft_ms,RND_0418,701.0,651.1681518554688
123,ttft_ms,RND_0459,1070.0,917.97509765625
123,ttft_ms,RND_0367,599.0,684.1751708984375
123,ttft_ms,RND_0920,1116.0,1112.0716552734375
123,ttft_ms,RND_0647,575.0,536.6312866210938
123,ttft_ms,RND_0523,891.0,1071.8934326171875
123,ttft_ms,RND_0119,650.0,643.753662109375
123,ttft_ms,RND_0662,426.0,425.9736633300781
123,ttft_ms,RND_0864,1304.0,1260.7967529296875
123,ttft_ms,RND_0248,2354.0,2375.21875
123,ttft_ms,RND_0049,988.0,1039.95166015625
123,ttft_ms,RND_0751,1504.0,1524.0860595703125
123,ttft_ms,RND_0752,1102.0,1128.5419921875
123,ttft_ms,RND_0045,450.0,425.6295166015625
123,ttft_ms,RND_0878,1262.0,1236.8436279296875
123,ttft_ms,RND_0478,350.0,336.2796325683594
123,ttft_ms,RND_0284,886.0,922.5699462890625
123,ttft_ms,RND_0922,689.0,799.0934448242188
123,dynamic_energy_per_token_mj,RND_0706,21.337900161743164,25.568572998046875
123,dynamic_energy_per_token_mj,RND_0910,19.212900161743164,16.529449462890625
123,dynamic_energy_per_token_mj,RND_0717,15.774200439453125,16.004653930664062
123,dynamic_energy_per_token_mj,RND_0462,19.249000549316406,13.556652069091797
123,dynamic_energy_per_token_mj,RND_0740,11.123499870300293,10.641777992248535
123,dynamic_energy_per_token_mj,RND_0543,16.04800033569336,13.577272415161133
123,dynamic_energy_per_token_mj,RND_0475,9.517800331115723,10.860147476196289
123,dynamic_energy_per_token_mj,RND_0153,31.92930030822754,32.69056701660156
123,dynamic_energy_per_token_mj,RND_0836,35.66590118408203,20.388689041137695
123,dynamic_energy_per_token_mj,RND_0050,41.9921989440918,36.83799362182617
123,dynamic_energy_per_token_mj,RND_0585,44.875701904296875,37.780704498291016
123,dynamic_energy_per_token_mj,RND_0098,18.126800537109375,20.210956573486328
123,dynamic_energy_per_token_mj,RND_0060,19.958900451660156,16.922664642333984
123,dynamic_energy_per_token_mj,RND_0821,18.163000106811523,15.20031452178955
123,dynamic_energy_per_token_mj,RND_0105,33.84669876098633,36.04560470581055
123,dynamic_energy_per_token_mj,RND_0477,18.742900848388672,21.963457107543945
123,dynamic_energy_per_token_mj,RND_0925,46.25239944458008,29.601852416992188
123,dynamic_energy_per_token_mj,RND_0500,39.457000732421875,41.17057800292969
123,dynamic_energy_per_token_mj,RND_0112,16.562299728393555,20.352066040039062
123,dynamic_energy_per_token_mj,RND_0417,25.08650016784668,30.75066566467285
123,dynamic_energy_per_token_mj,RND_0551,6.7104997634887695,7.669869899749756
123,dynamic_energy_per_token_mj,RND_0156,60.368499755859375,55.018653869628906
123,dynamic_energy_per_token_mj,RND_0379,10.266200065612793,9.088005065917969
123,dynamic_energy_per_token_mj,RND_0827,45.565799713134766,40.28934860229492
123,dynamic_energy_per_token_mj,RND_0318,13.711899757385254,11.406513214111328
123,dynamic_energy_per_token_mj,RND_0856,37.35820007324219,36.78481674194336
123,dynamic_energy_per_token_mj,RND_0574,15.894100189208984,8.997786521911621
123,dynamic_energy_per_token_mj,RND_0028,41.134498596191406,40.82379150390625
123,dynamic_energy_per_token_mj,RND_0590,48.476600646972656,47.903648376464844
123,dynamic_energy_per_token_mj,RND_0851,31.078100204467773,23.409975051879883
123,dynamic_energy_per_token_mj,RND_0798,49.774200439453125,46.581443786621094
123,dynamic_energy_per_token_mj,RND_0117,9.909799575805664,11.151344299316406
123,dynamic_energy_per_token_mj,RND_0408,15.92590045928955,15.988286018371582
123,dynamic_energy_per_token_mj,RND_0106,26.273399353027344,30.156497955322266
123,dynamic_energy_per_token_mj,RND_0815,32.545101165771484,32.17420959472656
123,dynamic_energy_per_token_mj,RND_0261,59.44620132446289,56.256900787353516
123,dynamic_energy_per_token_mj,RND_0245,32.559600830078125,35.740352630615234
123,dynamic_energy_per_token_mj,RND_0006,17.39349937438965,17.21552848815918
123,dynamic_energy_per_token_mj,RND_0807,22.097000122070312,21.737728118896484
123,dynamic_energy_per_token_mj,RND_0739,8.998499870300293,9.559144973754883
123,dynamic_energy_per_token_mj,RND_0829,59.44390106201172,53.44306945800781
123,dynamic_energy_per_token_mj,RND_0166,21.664600372314453,20.371259689331055
123,dynamic_energy_per_token_mj,RND_0066,14.475299835205078,10.522379875183105
123,dynamic_energy_per_token_mj,RND_0584,20.1825008392334,9.456257820129395
123,dynamic_energy_per_token_mj,RND_0450,33.2755012512207,17.592918395996094
123,dynamic_energy_per_token_mj,RND_0164,51.74209976196289,56.06684112548828
123,dynamic_energy_per_token_mj,RND_0283,21.340099334716797,19.59941291809082
123,dynamic_energy_per_token_mj,RND_0230,58.414798736572266,58.974605560302734
123,dynamic_energy_per_token_mj,RND_0525,6.20359992980957,6.437788009643555
123,dynamic_energy_per_token_mj,RND_0004,33.38090133666992,29.21556854248047
123,dynamic_energy_per_token_mj,RND_0640,16.72089958190918,13.323711395263672
123,dynamic_energy_per_token_mj,RND_0818,16.619300842285156,15.005802154541016
123,dynamic_energy_per_token_mj,RND_0240,35.64720153808594,33.296485900878906
123,dynamic_energy_per_token_mj,RND_0791,25.887500762939453,20.236637115478516
123,dynamic_energy_per_token_mj,RND_0929,20.768400192260742,13.87484359741211
123,dynamic_energy_per_token_mj,RND_0784,4.912600040435791,16.016637802124023
123,dynamic_energy_per_token_mj,RND_0428,8.14739990234375,9.356507301330566
123,dynamic_energy_per_token_mj,RND_0734,5.448999881744385,6.309433460235596
123,dynamic_energy_per_token_mj,RND_0540,18.944700241088867,14.000572204589844
123,dynamic_energy_per_token_mj,RND_0866,26.09939956665039,24.220245361328125
123,dynamic_energy_per_token_mj,RND_0792,12.001999855041504,14.67166519165039
123,dynamic_energy_per_token_mj,RND_0019,8.699700355529785,8.3319091796875
123,dynamic_energy_per_token_mj,RND_0129,19.987699508666992,26.71413803100586
123,dynamic_energy_per_token_mj,RND_0458,7.273399829864502,8.079765319824219
123,dynamic_energy_per_token_mj,RND_0896,13.106300354003906,17.453994750976562
123,dynamic_energy_per_token_mj,RND_0031,18.17889976501465,19.528108596801758
123,dynamic_energy_per_token_mj,RND_0353,35.70209884643555,37.56843566894531
123,dynamic_energy_per_token_mj,RND_0151,7.702199935913086,12.530128479003906
123,dynamic_energy_per_token_mj,RND_0887,28.459400177001953,16.263378143310547
123,dynamic_energy_per_token_mj,RND_0295,27.367700576782227,30.124391555786133
123,dynamic_energy_per_token_mj,RND_0919,20.394800186157227,19.880117416381836
123,dynamic_energy_per_token_mj,RND_0872,14.3996000289917,17.437623977661133
123,dynamic_energy_per_token_mj,RND_0616,14.7701997756958,13.696454048156738
123,dynamic_energy_per_token_mj,RND_0405,13.162300109863281,15.48470687866211
123,dynamic_energy_per_token_mj,RND_0304,7.1940999031066895,8.959156036376953
123,dynamic_energy_per_token_mj,RND_0906,34.43320083618164,23.169252395629883
123,dynamic_energy_per_token_mj,RND_0885,18.132099151611328,15.46426010131836
123,dynamic_energy_per_token_mj,RND_0902,27.577800750732422,18.388063430786133
123,dynamic_energy_per_token_mj,RND_0029,28.018299102783203,29.444730758666992
123,dynamic_energy_per_token_mj,RND_0154,19.52280044555664,24.76738739013672
123,dynamic_energy_per_token_mj,RND_0212,17.491300582885742,15.82254409790039
123,dynamic_energy_per_token_mj,RND_0921,13.920900344848633,11.853591918945312
123,dynamic_energy_per_token_mj,RND_0876,54.3922004699707,49.45112228393555
123,dynamic_energy_per_token_mj,RND_0221,9.8149995803833,25.370529174804688
123,dynamic_energy_per_token_mj,RND_0400,7.868299961090088,11.704035758972168
123,dynamic_energy_per_token_mj,RND_0944,31.832300186157227,32.8992919921875
123,dynamic_energy_per_token_mj,RND_0189,11.320199966430664,15.949044227600098
123,dynamic_energy_per_token_mj,RND_0196,32.27539825439453,28.330610275268555
123,dynamic_energy_per_token_mj,RND_0924,12.254799842834473,7.131051540374756
123,dynamic_energy_per_token_mj,RND_0516,16.47920036315918,20.901962280273438
123,dynamic_energy_per_token_mj,RND_0169,18.952299118041992,13.931183815002441
123,dynamic_energy_per_token_mj,RND_0258,27.906299591064453,22.447021484375
123,dynamic_energy_per_token_mj,RND_0466,62.85540008544922,60.63999938964844
123,dynamic_energy_per_token_mj,RND_0165,65.80560302734375,73.52037811279297
123,dynamic_energy_per_token_mj,RND_0629,17.255300521850586,16.06264877319336
123,dynamic_energy_per_token_mj,RND_0008,40.33679962158203,39.255035400390625
123,dynamic_energy_per_token_mj,RND_0399,43.9463996887207,35.67750549316406
123,dynamic_energy_per_token_mj,RND_0714,22.739599227905273,25.74821662902832
123,dynamic_energy_per_token_mj,RND_0794,4.592800140380859,8.256049156188965
123,dynamic_energy_per_token_mj,RND_0300,47.9364013671875,45.446712493896484
123,dynamic_energy_per_token_mj,RND_0882,11.80720043182373,12.541667938232422
123,dynamic_energy_per_token_mj,RND_0559,40.80009841918945,36.903560638427734
123,dynamic_energy_per_token_mj,RND_0394,30.940399169921875,30.617631912231445
123,dynamic_energy_per_token_mj,RND_0492,8.464400291442871,10.726380348205566
123,dynamic_energy_per_token_mj,RND_0644,4.682000160217285,12.587738037109375
123,dynamic_energy_per_token_mj,RND_0932,16.85449981689453,19.92478370666504
123,dynamic_energy_per_token_mj,RND_0871,26.561100006103516,17.39077377319336
123,dynamic_energy_per_token_mj,RND_0235,46.46649932861328,45.71519088745117
123,dynamic_energy_per_token_mj,RND_0431,24.03890037536621,27.185035705566406
123,dynamic_energy_per_token_mj,RND_0414,16.23780059814453,16.49305534362793
123,dynamic_energy_per_token_mj,RND_0273,89.11920166015625,88.10980224609375
123,dynamic_energy_per_token_mj,RND_0839,35.06560134887695,15.629520416259766
123,dynamic_energy_per_token_mj,RND_0254,16.865800857543945,16.57406234741211
123,dynamic_energy_per_token_mj,RND_0895,9.48009967803955,8.637228012084961
123,dynamic_energy_per_token_mj,RND_0832,50.056800842285156,45.75971221923828
123,dynamic_energy_per_token_mj,RND_0390,28.395999908447266,30.715620040893555
123,dynamic_energy_per_token_mj,RND_0306,21.273000717163086,24.1209716796875
123,dynamic_energy_per_token_mj,RND_0407,7.504000186920166,10.28970718383789
123,dynamic_energy_per_token_mj,RND_0931,40.855499267578125,36.477996826171875
123,dynamic_energy_per_token_mj,RND_0325,27.072799682617188,21.222871780395508
123,dynamic_energy_per_token_mj,RND_0758,11.592000007629395,12.859574317932129
123,dynamic_energy_per_token_mj,RND_0488,45.68050003051758,44.95368957519531
123,dynamic_energy_per_token_mj,RND_0558,7.957499980926514,10.896156311035156
123,dynamic_energy_per_token_mj,RND_0386,14.223699569702148,17.975610733032227
123,dynamic_energy_per_token_mj,RND_0227,22.59239959716797,19.43386459350586
123,dynamic_energy_per_token_mj,RND_0634,24.657800674438477,21.451984405517578
123,dynamic_energy_per_token_mj,RND_0281,5.019400119781494,7.702427864074707
123,dynamic_energy_per_token_mj,RND_0937,29.122600555419922,25.106550216674805
123,dynamic_energy_per_token_mj,RND_0064,10.049500465393066,8.912700653076172
123,dynamic_energy_per_token_mj,RND_0125,26.049100875854492,26.563812255859375
123,dynamic_energy_per_token_mj,RND_0938,81.7520980834961,78.04316711425781
123,dynamic_energy_per_token_mj,RND_0572,16.171899795532227,9.765299797058105
123,dynamic_energy_per_token_mj,RND_0420,16.146699905395508,17.443790435791016
123,dynamic_energy_per_token_mj,RND_0646,23.69070053100586,25.47545623779297
123,dynamic_energy_per_token_mj,RND_0842,37.386600494384766,18.3541259765625
123,dynamic_energy_per_token_mj,RND_0315,32.1442985534668,30.808595657348633
123,dynamic_energy_per_token_mj,RND_0033,25.57939910888672,19.737871170043945
123,dynamic_energy_per_token_mj,RND_0652,50.02840042114258,52.69757080078125
123,dynamic_energy_per_token_mj,RND_0159,90.49929809570312,73.33071899414062
123,dynamic_energy_per_token_mj,RND_0303,34.56439971923828,33.71830749511719
123,dynamic_energy_per_token_mj,RND_0097,54.33489990234375,47.19965362548828
123,dynamic_energy_per_token_mj,RND_0849,29.093299865722656,20.333688735961914
123,dynamic_energy_per_token_mj,RND_0884,46.387901306152344,47.72709274291992
123,dynamic_energy_per_token_mj,RND_0548,13.827799797058105,22.604753494262695
123,dynamic_energy_per_token_mj,RND_0606,73.44930267333984,74.73155212402344
123,dynamic_energy_per_token_mj,RND_0770,5.397900104522705,6.7330827713012695
123,dynamic_energy_per_token_mj,RND_0137,8.659199714660645,8.184867858886719
123,dynamic_energy_per_token_mj,RND_0078,32.040000915527344,32.266937255859375
123,dynamic_energy_per_token_mj,RND_0013,29.23080062866211,27.711835861206055
123,dynamic_energy_per_token_mj,RND_0382,22.189599990844727,21.204235076904297
123,dynamic_energy_per_token_mj,RND_0505,8.255200386047363,9.195984840393066
123,dynamic_energy_per_token_mj,RND_0601,26.12980079650879,21.007888793945312
123,dynamic_energy_per_token_mj,RND_0612,24.88680076599121,19.318130493164062
123,dynamic_energy_per_token_mj,RND_0426,8.39840030670166,7.954035758972168
123,dynamic_energy_per_token_mj,RND_0188,62.57780075073242,65.6436767578125
123,dynamic_energy_per_token_mj,RND_0656,29.8075008392334,75.0534896850586
123,dynamic_energy_per_token_mj,RND_0020,30.898799896240234,21.989707946777344
123,dynamic_energy_per_token_mj,RND_0330,33.18579864501953,32.310279846191406
123,dynamic_energy_per_token_mj,RND_0614,13.890999794006348,12.661515235900879
123,dynamic_energy_per_token_mj,RND_0603,21.915800094604492,16.273784637451172
123,dynamic_energy_per_token_mj,RND_0199,34.28710174560547,27.31559181213379
123,dynamic_energy_per_token_mj,RND_0419,14.579000473022461,15.908735275268555
123,dynamic_energy_per_token_mj,RND_0675,29.4778995513916,29.25811004638672
123,dynamic_energy_per_token_mj,RND_0266,42.47309875488281,39.254817962646484
123,dynamic_energy_per_token_mj,RND_0195,9.334799766540527,8.332694053649902
123,dynamic_energy_per_token_mj,RND_0158,16.532899856567383,21.237499237060547
123,dynamic_energy_per_token_mj,RND_0308,7.63539981842041,7.080326080322266
123,dynamic_energy_per_token_mj,RND_0667,7.018799781799316,7.840750217437744
123,dynamic_energy_per_token_mj,RND_0550,59.6786003112793,46.339290618896484
123,dynamic_energy_per_token_mj,RND_0432,16.62350082397461,26.172380447387695
123,dynamic_energy_per_token_mj,RND_0418,7.034999847412109,8.907526016235352
123,dynamic_energy_per_token_mj,RND_0459,18.38629913330078,14.9515380859375
123,dynamic_energy_per_token_mj,RND_0367,10.306500434875488,11.451547622680664
123,dynamic_energy_per_token_mj,RND_0920,17.43400001525879,15.90011215209961
123,dynamic_energy_per_token_mj,RND_0647,8.361900329589844,9.45848560333252
123,dynamic_energy_per_token_mj,RND_0523,22.73110008239746,21.822124481201172
123,dynamic_energy_per_token_mj,RND_0119,19.475099563598633,14.892562866210938
123,dynamic_energy_per_token_mj,RND_0662,26.402099609375,18.346303939819336
123,dynamic_energy_per_token_mj,RND_0864,25.060800552368164,22.191001892089844
123,dynamic_energy_per_token_mj,RND_0248,51.33420181274414,54.16065979003906
123,dynamic_energy_per_token_mj,RND_0049,14.746600151062012,15.898080825805664
123,dynamic_energy_per_token_mj,RND_0751,31.28350067138672,34.03018569946289
123,dynamic_energy_per_token_mj,RND_0752,15.398300170898438,17.65998649597168
123,dynamic_energy_per_token_mj,RND_0045,6.980400085449219,7.635653972625732
123,dynamic_energy_per_token_mj,RND_0878,26.26420021057129,22.74802017211914
123,dynamic_energy_per_token_mj,RND_0478,18.19849967956543,20.153003692626953
123,dynamic_energy_per_token_mj,RND_0284,14.915399551391602,13.162188529968262
123,dynamic_energy_per_token_mj,RND_0922,13.308699607849121,16.23998260498047
2026,tpot_ms,RND_0706,47.779998779296875,49.92181396484375
2026,tpot_ms,RND_0910,44.41999816894531,45.29996871948242
2026,tpot_ms,RND_0717,35.45000076293945,38.52528381347656
2026,tpot_ms,RND_0462,25.450000762939453,28.66574478149414
2026,tpot_ms,RND_0740,30.1299991607666,30.270645141601562
2026,tpot_ms,RND_0543,36.58000183105469,36.856746673583984
2026,tpot_ms,RND_0475,30.420000076293945,31.75118637084961
2026,tpot_ms,RND_0153,73.05000305175781,76.26278686523438
2026,tpot_ms,RND_0836,64.2300033569336,43.461692810058594
2026,tpot_ms,RND_0050,101.62999725341797,109.21363830566406
2026,tpot_ms,RND_0585,74.3499984741211,59.15528106689453
2026,tpot_ms,RND_0098,64.5199966430664,66.64740753173828
2026,tpot_ms,RND_0060,40.130001068115234,42.47808837890625
2026,tpot_ms,RND_0821,42.61000061035156,46.34563064575195
2026,tpot_ms,RND_0105,53.11000061035156,61.678672790527344
2026,tpot_ms,RND_0477,38.2599983215332,43.545780181884766
2026,tpot_ms,RND_0925,120.91999816894531,80.89960479736328
2026,tpot_ms,RND_0500,91.66000366210938,95.17451477050781
2026,tpot_ms,RND_0112,39.47999954223633,46.27830123901367
2026,tpot_ms,RND_0417,48.220001220703125,57.27053451538086
2026,tpot_ms,RND_0551,21.649999618530273,22.222185134887695
2026,tpot_ms,RND_0156,112.98999786376953,120.70387268066406
2026,tpot_ms,RND_0379,25.389999389648438,25.333850860595703
2026,tpot_ms,RND_0827,81.16999816894531,86.65672302246094
2026,tpot_ms,RND_0318,30.31999969482422,31.981260299682617
2026,tpot_ms,RND_0856,65.79000091552734,72.39970397949219
2026,tpot_ms,RND_0574,42.720001220703125,27.242197036743164
2026,tpot_ms,RND_0028,79.05000305175781,83.52381134033203
2026,tpot_ms,RND_0590,80.19000244140625,76.68370819091797
2026,tpot_ms,RND_0851,62.619998931884766,54.940242767333984
2026,tpot_ms,RND_0798,107.63999938964844,115.57756042480469
2026,tpot_ms,RND_0117,33.61000061035156,32.9583625793457
2026,tpot_ms,RND_0408,36.869998931884766,37.26759719848633
2026,tpot_ms,RND_0106,46.84000015258789,58.782936096191406
2026,tpot_ms,RND_0815,64.80999755859375,67.75492095947266
2026,tpot_ms,RND_0261,102.3499984741211,98.54903411865234
2026,tpot_ms,RND_0245,69.69000244140625,77.48946380615234
2026,tpot_ms,RND_0006,47.099998474121094,50.679542541503906
2026,tpot_ms,RND_0807,91.41000366210938,85.451904296875
2026,tpot_ms,RND_0739,28.649999618530273,29.779863357543945
2026,tpot_ms,RND_0829,86.36000061035156,86.90276336669922
2026,tpot_ms,RND_0166,36.58000183105469,41.08504104614258
2026,tpot_ms,RND_0066,31.489999771118164,29.013864517211914
2026,tpot_ms,RND_0584,39.20000076293945,27.981216430664062
2026,tpot_ms,RND_0450,37.43000030517578,37.154483795166016
2026,tpot_ms,RND_0164,107.87000274658203,125.00996398925781
2026,tpot_ms,RND_0283,37.709999084472656,39.21638107299805
2026,tpot_ms,RND_0230,124.69000244140625,122.15418243408203
2026,tpot_ms,RND_0525,22.09000015258789,21.374637603759766
2026,tpot_ms,RND_0004,72.41000366210938,49.71718215942383
2026,tpot_ms,RND_0640,42.06999969482422,39.27965545654297
2026,tpot_ms,RND_0818,43.56999969482422,47.592716217041016
2026,tpot_ms,RND_0240,105.1500015258789,102.63160705566406
2026,tpot_ms,RND_0791,66.76000213623047,48.965370178222656
2026,tpot_ms,RND_0929,45.560001373291016,32.4393196105957
2026,tpot_ms,RND_0784,54.5,36.529239654541016
2026,tpot_ms,RND_0428,22.31999969482422,25.53507423400879
2026,tpot_ms,RND_0734,19.0,20.552143096923828
2026,tpot_ms,RND_0540,35.029998779296875,38.16850280761719
2026,tpot_ms,RND_0866,57.209999084472656,61.89690399169922
2026,tpot_ms,RND_0792,42.349998474121094,43.87415313720703
2026,tpot_ms,RND_0019,37.84000015258789,32.636940002441406
2026,tpot_ms,RND_0129,42.22999954223633,51.739566802978516
2026,tpot_ms,RND_0458,24.639999389648438,24.47245979309082
2026,tpot_ms,RND_0896,52.029998779296875,49.86388397216797
2026,tpot_ms,RND_0031,43.61000061035156,45.63211441040039
2026,tpot_ms,RND_0353,89.61000061035156,90.61380767822266
2026,tpot_ms,RND_0151,26.15999984741211,39.49608612060547
2026,tpot_ms,RND_0887,52.599998474121094,47.51685333251953
2026,tpot_ms,RND_0295,44.79999923706055,51.26658248901367
2026,tpot_ms,RND_0919,47.2599983215332,48.29742431640625
2026,tpot_ms,RND_0872,43.15999984741211,46.26259231567383
2026,tpot_ms,RND_0616,42.119998931884766,40.9236946105957
2026,tpot_ms,RND_0405,29.969999313354492,30.498212814331055
2026,tpot_ms,RND_0304,24.520000457763672,25.656471252441406
2026,tpot_ms,RND_0906,70.81999969482422,58.647369384765625
2026,tpot_ms,RND_0885,48.63999938964844,49.727294921875
2026,tpot_ms,RND_0902,59.099998474121094,51.9964485168457
2026,tpot_ms,RND_0029,61.880001068115234,63.18130874633789
2026,tpot_ms,RND_0154,42.59000015258789,56.62228775024414
2026,tpot_ms,RND_0212,43.15999984741211,42.810791015625
2026,tpot_ms,RND_0921,38.52000045776367,40.634803771972656
2026,tpot_ms,RND_0876,87.11000061035156,95.650634765625
2026,tpot_ms,RND_0221,59.52000045776367,60.56853485107422
2026,tpot_ms,RND_0400,29.459999084472656,31.935239791870117
2026,tpot_ms,RND_0944,65.19000244140625,66.88401794433594
2026,tpot_ms,RND_0189,47.939998626708984,46.61832046508789
2026,tpot_ms,RND_0196,64.80999755859375,60.753944396972656
2026,tpot_ms,RND_0924,39.59000015258789,23.310766220092773
2026,tpot_ms,RND_0516,63.529998779296875,72.91078186035156
2026,tpot_ms,RND_0169,51.119998931884766,37.49274444580078
2026,tpot_ms,RND_0258,50.150001525878906,55.432010650634766
2026,tpot_ms,RND_0466,115.33999633789062,126.14209747314453
2026,tpot_ms,RND_0165,125.0,142.345703125
2026,tpot_ms,RND_0629,43.380001068115234,48.86227798461914
2026,tpot_ms,RND_0008,112.11000061035156,118.31529998779297
2026,tpot_ms,RND_0399,92.41999816894531,95.60298156738281
2026,tpot_ms,RND_0714,69.19999694824219,73.13565063476562
2026,tpot_ms,RND_0794,30.899999618530273,33.8554573059082
2026,tpot_ms,RND_0300,98.72000122070312,112.89994049072266
2026,tpot_ms,RND_0882,38.939998626708984,38.772823333740234
2026,tpot_ms,RND_0559,91.48999786376953,95.30235290527344
2026,tpot_ms,RND_0394,49.79999923706055,55.965152740478516
2026,tpot_ms,RND_0492,28.0,31.90849494934082
2026,tpot_ms,RND_0644,44.84000015258789,40.6526985168457
2026,tpot_ms,RND_0932,45.47999954223633,49.04938888549805
2026,tpot_ms,RND_0871,45.349998474121094,47.65726852416992
2026,tpot_ms,RND_0235,76.91999816894531,84.89634704589844
2026,tpot_ms,RND_0431,45.25,52.386436462402344
2026,tpot_ms,RND_0414,35.15999984741211,41.2632942199707
2026,tpot_ms,RND_0273,203.25,186.92076110839844
2026,tpot_ms,RND_0839,58.279998779296875,40.117408752441406
2026,tpot_ms,RND_0254,50.43000030517578,46.9002571105957
2026,tpot_ms,RND_0895,39.619998931884766,35.709842681884766
2026,tpot_ms,RND_0832,77.63999938964844,81.29012298583984
2026,tpot_ms,RND_0390,74.95999908447266,81.89289093017578
2026,tpot_ms,RND_0306,38.54999923706055,46.582298278808594
2026,tpot_ms,RND_0407,28.610000610351562,33.24384307861328
2026,tpot_ms,RND_0931,71.43000030517578,71.92910766601562
2026,tpot_ms,RND_0325,44.189998626708984,42.60352325439453
2026,tpot_ms,RND_0758,35.56999969482422,34.169776916503906
2026,tpot_ms,RND_0488,93.80999755859375,98.60958099365234
2026,tpot_ms,RND_0558,24.200000762939453,31.97139549255371
2026,tpot_ms,RND_0386,39.290000915527344,39.57758712768555
2026,tpot_ms,RND_0227,48.900001525878906,45.78032684326172
2026,tpot_ms,RND_0634,57.56999969482422,58.660152435302734
2026,tpot_ms,RND_0281,22.610000610351562,23.58548355102539
2026,tpot_ms,RND_0937,60.86000061035156,58.919456481933594
2026,tpot_ms,RND_0064,28.1299991607666,28.460832595825195
2026,tpot_ms,RND_0125,53.849998474121094,47.995811462402344
2026,tpot_ms,RND_0938,178.25,176.5762481689453
2026,tpot_ms,RND_0572,38.77000045776367,25.655534744262695
2026,tpot_ms,RND_0420,39.5099983215332,41.286685943603516
2026,tpot_ms,RND_0646,58.380001068115234,56.31543731689453
2026,tpot_ms,RND_0842,75.98999786376953,40.1735725402832
2026,tpot_ms,RND_0315,76.44999694824219,84.97207641601562
2026,tpot_ms,RND_0033,51.2599983215332,45.97739028930664
2026,tpot_ms,RND_0652,145.55999755859375,130.4834442138672
2026,tpot_ms,RND_0159,163.6699981689453,175.91485595703125
2026,tpot_ms,RND_0303,85.91000366210938,90.33075714111328
2026,tpot_ms,RND_0097,114.55000305175781,118.81259155273438
2026,tpot_ms,RND_0849,54.880001068115234,48.476688385009766
2026,tpot_ms,RND_0884,75.36000061035156,78.29502868652344
2026,tpot_ms,RND_0548,37.939998626708984,48.05888366699219
2026,tpot_ms,RND_0606,162.07000732421875,165.3746337890625
2026,tpot_ms,RND_0770,22.389999389648438,22.40404510498047
2026,tpot_ms,RND_0137,24.780000686645508,24.807891845703125
2026,tpot_ms,RND_0078,72.1500015258789,77.1030502319336
2026,tpot_ms,RND_0013,65.91999816894531,60.676326751708984
2026,tpot_ms,RND_0382,53.880001068115234,60.18000030517578
2026,tpot_ms,RND_0505,25.899999618530273,27.360572814941406
2026,tpot_ms,RND_0601,57.900001525878906,56.93083953857422
2026,tpot_ms,RND_0612,48.04999923706055,52.208160400390625
2026,tpot_ms,RND_0426,23.059999465942383,25.07840919494629
2026,tpot_ms,RND_0188,141.0399932861328,168.50814819335938
2026,tpot_ms,RND_0656,180.17999267578125,179.55792236328125
2026,tpot_ms,RND_0020,88.5,84.0107192993164
2026,tpot_ms,RND_0330,50.9900016784668,57.63568878173828
2026,tpot_ms,RND_0614,37.189998626708984,36.59739303588867
2026,tpot_ms,RND_0603,51.38999938964844,46.43905258178711
2026,tpot_ms,RND_0199,63.09000015258789,63.189292907714844
2026,tpot_ms,RND_0419,37.650001525878906,41.037933349609375
2026,tpot_ms,RND_0675,60.16999816894531,60.670047760009766
2026,tpot_ms,RND_0266,70.7699966430664,73.26074981689453
2026,tpot_ms,RND_0195,36.779998779296875,37.16429901123047
2026,tpot_ms,RND_0158,33.650001525878906,49.85487365722656
2026,tpot_ms,RND_0308,22.479999542236328,24.325923919677734
2026,tpot_ms,RND_0667,32.20000076293945,34.28913116455078
2026,tpot_ms,RND_0550,116.13999938964844,121.38622283935547
2026,tpot_ms,RND_0432,43.349998474121094,52.76913070678711
2026,tpot_ms,RND_0418,30.520000457763672,26.716259002685547
2026,tpot_ms,RND_0459,34.2599983215332,34.171112060546875
2026,tpot_ms,RND_0367,26.549999237060547,29.28285026550293
2026,tpot_ms,RND_0920,51.099998474121094,51.650333404541016
2026,tpot_ms,RND_0647,31.8700008392334,34.50103759765625
2026,tpot_ms,RND_0523,38.4900016784668,43.431922912597656
2026,tpot_ms,RND_0119,33.459999084472656,40.16606521606445
2026,tpot_ms,RND_0662,84.38999938964844,82.89572143554688
2026,tpot_ms,RND_0864,54.40999984741211,58.56593704223633
2026,tpot_ms,RND_0248,86.27999877929688,92.52749633789062
2026,tpot_ms,RND_0049,37.130001068115234,36.17628860473633
2026,tpot_ms,RND_0751,59.2400016784668,71.19963073730469
2026,tpot_ms,RND_0752,37.09000015258789,43.03813552856445
2026,tpot_ms,RND_0045,21.200000762939453,23.111934661865234
2026,tpot_ms,RND_0878,56.560001373291016,53.61087417602539
2026,tpot_ms,RND_0478,63.40999984741211,62.78374099731445
2026,tpot_ms,RND_0284,34.61000061035156,37.43195343017578
2026,tpot_ms,RND_0922,36.58000183105469,40.18621826171875
2026,ttft_ms,RND_0706,1278.0,1407.5489501953125
2026,ttft_ms,RND_0910,1025.0,1023.1995239257812
2026,ttft_ms,RND_0717,832.0,835.6612548828125
2026,ttft_ms,RND_0462,651.0,645.2764892578125
2026,ttft_ms,RND_0740,799.0,720.8275756835938
2026,ttft_ms,RND_0543,867.0,882.7861328125
2026,ttft_ms,RND_0475,704.0,682.9092407226562
2026,ttft_ms,RND_0153,442.0,472.9773864746094
2026,ttft_ms,RND_0836,1578.0,1121.143798828125
2026,ttft_ms,RND_0050,681.0,688.6612548828125
2026,ttft_ms,RND_0585,1971.0,1529.2386474609375
2026,ttft_ms,RND_0098,360.0,393.2624816894531
2026,ttft_ms,RND_0060,975.0,1015.3812255859375
2026,ttft_ms,RND_0821,882.0,836.15869140625
2026,ttft_ms,RND_0105,1606.0,1635.653076171875
2026,ttft_ms,RND_0477,1078.0,1167.3243408203125
2026,ttft_ms,RND_0925,697.0,472.7798767089844
2026,ttft_ms,RND_0500,537.0,647.6618041992188
2026,ttft_ms,RND_0112,1018.0,1139.343505859375
2026,ttft_ms,RND_0417,1425.0,1484.301513671875
2026,ttft_ms,RND_0551,471.0,458.3626708984375
2026,ttft_ms,RND_0156,791.0,877.778076171875
2026,ttft_ms,RND_0379,558.0,614.8211669921875
2026,ttft_ms,RND_0827,2242.0,2136.579833984375
2026,ttft_ms,RND_0318,863.0,785.328369140625
2026,ttft_ms,RND_0856,1653.0,1632.12060546875
2026,ttft_ms,RND_0574,939.0,677.5363159179688
2026,ttft_ms,RND_0028,1864.0,1933.448486328125
2026,ttft_ms,RND_0590,1843.0,1931.440673828125
2026,ttft_ms,RND_0851,1433.0,1180.92333984375
2026,ttft_ms,RND_0798,787.0,866.039306640625
2026,ttft_ms,RND_0117,838.0,829.1569213867188
2026,ttft_ms,RND_0408,900.0,982.312744140625
2026,ttft_ms,RND_0106,1348.0,1461.78857421875
2026,ttft_ms,RND_0815,1529.0,1574.954833984375
2026,ttft_ms,RND_0261,3120.0,2619.84423828125
2026,ttft_ms,RND_0245,1768.0,1798.340087890625
2026,ttft_ms,RND_0006,967.0,870.724609375
2026,ttft_ms,RND_0807,489.0,461.5771789550781
2026,ttft_ms,RND_0739,633.0,659.2260131835938
2026,ttft_ms,RND_0829,2393.0,2264.310791015625
2026,ttft_ms,RND_0166,1004.0,1043.408203125
2026,ttft_ms,RND_0066,799.0,791.390380859375
2026,ttft_ms,RND_0584,790.0,607.6504516601562
2026,ttft_ms,RND_0450,934.0,972.451171875
2026,ttft_ms,RND_0164,755.0,832.8721923828125
2026,ttft_ms,RND_0283,1017.0,1087.3486328125
2026,ttft_ms,RND_0230,974.0,934.00634765625
2026,ttft_ms,RND_0525,376.0,392.431884765625
2026,ttft_ms,RND_0004,1956.0,1339.2554931640625
2026,ttft_ms,RND_0640,763.0,721.145263671875
2026,ttft_ms,RND_0818,990.0,978.5064086914062
2026,ttft_ms,RND_0240,610.0,594.8109741210938
2026,ttft_ms,RND_0791,1612.0,1251.414794921875
2026,ttft_ms,RND_0929,807.0,596.0955200195312
2026,ttft_ms,RND_0784,1297.0,968.5056762695312
2026,ttft_ms,RND_0428,598.0,618.5137939453125
2026,ttft_ms,RND_0734,389.0,362.2090148925781
2026,ttft_ms,RND_0540,859.0,920.07421875
2026,ttft_ms,RND_0866,1383.0,1391.2626953125
2026,ttft_ms,RND_0792,862.0,941.87109375
2026,ttft_ms,RND_0019,615.0,548.19189453125
2026,ttft_ms,RND_0129,1070.0,1275.79248046875
2026,ttft_ms,RND_0458,496.0,522.5010375976562
2026,ttft_ms,RND_0896,1198.0,1118.1732177734375
2026,ttft_ms,RND_0031,999.0,950.7142333984375
2026,ttft_ms,RND_0353,541.0,596.4067993164062
2026,ttft_ms,RND_0151,530.0,746.9592895507812
2026,ttft_ms,RND_0887,870.0,830.0814208984375
2026,ttft_ms,RND_0295,1241.0,1367.970703125
2026,ttft_ms,RND_0919,1024.0,1004.4325561523438
2026,ttft_ms,RND_0872,868.0,774.1494140625
2026,ttft_ms,RND_0616,1001.0,826.6473388671875
2026,ttft_ms,RND_0405,710.0,645.7313842773438
2026,ttft_ms,RND_0304,656.0,622.5563354492188
2026,ttft_ms,RND_0906,1384.0,1324.6370849609375
2026,ttft_ms,RND_0885,1039.0,1087.0867919921875
2026,ttft_ms,RND_0902,1272.0,1123.6319580078125
2026,ttft_ms,RND_0029,1433.0,1498.0802001953125
2026,ttft_ms,RND_0154,1095.0,1428.591552734375
2026,ttft_ms,RND_0212,757.0,742.988525390625
2026,ttft_ms,RND_0921,792.0,743.9439086914062
2026,ttft_ms,RND_0876,2310.0,2393.921875
2026,ttft_ms,RND_0221,1389.0,1370.126220703125
2026,ttft_ms,RND_0400,699.0,746.8110961914062
2026,ttft_ms,RND_0944,1589.0,1569.7432861328125
2026,ttft_ms,RND_0189,1042.0,961.5137329101562
2026,ttft_ms,RND_0196,1407.0,1475.9542236328125
2026,ttft_ms,RND_0924,708.0,472.6432800292969
2026,ttft_ms,RND_0516,350.0,404.6666564941406
2026,ttft_ms,RND_0169,1138.0,893.9135131835938
2026,ttft_ms,RND_0258,1184.0,1170.9937744140625
2026,ttft_ms,RND_0466,854.0,948.45068359375
2026,ttft_ms,RND_0165,959.0,1080.947021484375
2026,ttft_ms,RND_0629,932.0,1063.7578125
2026,ttft_ms,RND_0008,637.0,652.4937744140625
2026,ttft_ms,RND_0399,637.0,628.0892333984375
2026,ttft_ms,RND_0714,379.0,428.5041198730469
2026,ttft_ms,RND_0794,513.0,524.2964477539062
2026,ttft_ms,RND_0300,735.0,761.124267578125
2026,ttft_ms,RND_0882,682.0,700.302734375
2026,ttft_ms,RND_0559,589.0,612.18505859375
2026,ttft_ms,RND_0394,1526.0,1565.028076171875
2026,ttft_ms,RND_0492,657.0,729.6865844726562
2026,ttft_ms,RND_0644,844.0,723.0100708007812
2026,ttft_ms,RND_0932,897.0,996.2002563476562
2026,ttft_ms,RND_0871,1138.0,955.0534057617188
2026,ttft_ms,RND_0235,2074.0,2052.02734375
2026,ttft_ms,RND_0431,1221.0,1240.0135498046875
2026,ttft_ms,RND_0414,992.0,1064.57177734375
2026,ttft_ms,RND_0273,1366.0,1432.822021484375
2026,ttft_ms,RND_0839,1346.0,882.4321899414062
2026,ttft_ms,RND_0254,989.0,1019.6800537109375
2026,ttft_ms,RND_0895,802.0,730.6280517578125
2026,ttft_ms,RND_0832,1991.0,1939.3524169921875
2026,ttft_ms,RND_0390,513.0,506.1429138183594
2026,ttft_ms,RND_0306,1137.0,1229.8868408203125
2026,ttft_ms,RND_0407,668.0,734.5267944335938
2026,ttft_ms,RND_0931,1818.0,1808.626220703125
2026,ttft_ms,RND_0325,1392.0,1389.9100341796875
2026,ttft_ms,RND_0758,821.0,866.9193725585938
2026,ttft_ms,RND_0488,690.0,706.0716552734375
2026,ttft_ms,RND_0558,611.0,726.3734130859375
2026,ttft_ms,RND_0386,974.0,1018.7100219726562
2026,ttft_ms,RND_0227,929.0,927.3629150390625
2026,ttft_ms,RND_0634,1316.0,1254.1944580078125
2026,ttft_ms,RND_0281,406.0,468.3039245605469
2026,ttft_ms,RND_0937,1487.0,1351.8592529296875
2026,ttft_ms,RND_0064,615.0,626.9922485351562
2026,ttft_ms,RND_0125,1307.0,1382.711181640625
2026,ttft_ms,RND_0938,1316.0,1291.4874267578125
2026,ttft_ms,RND_0572,770.0,527.4967651367188
2026,ttft_ms,RND_0420,998.0,1083.3604736328125
2026,ttft_ms,RND_0646,1343.0,1357.944580078125
2026,ttft_ms,RND_0842,1614.0,991.1058349609375
2026,ttft_ms,RND_0315,462.0,466.2217712402344
2026,ttft_ms,RND_0033,1002.0,1029.2291259765625
2026,ttft_ms,RND_0652,890.0,850.8427124023438
2026,ttft_ms,RND_0159,1208.0,1393.056396484375
2026,ttft_ms,RND_0303,604.0,621.109619140625
2026,ttft_ms,RND_0097,921.0,905.6983032226562
2026,ttft_ms,RND_0849,1385.0,1149.8936767578125
2026,ttft_ms,RND_0884,2045.0,1853.377685546875
2026,ttft_ms,RND_0548,1036.0,1213.129150390625
2026,ttft_ms,RND_0606,1055.0,1054.386962890625
2026,ttft_ms,RND_0770,421.0,406.0633850097656
2026,ttft_ms,RND_0137,476.0,503.27154541015625
2026,ttft_ms,RND_0078,489.0,498.4543762207031
2026,ttft_ms,RND_0013,1446.0,1417.1220703125
2026,ttft_ms,RND_0382,345.0,379.4330749511719
2026,ttft_ms,RND_0505,429.0,461.1042175292969
2026,ttft_ms,RND_0601,1134.0,1168.4168701171875
2026,ttft_ms,RND_0612,1128.0,1161.180419921875
2026,ttft_ms,RND_0426,591.0,572.2028198242188
2026,ttft_ms,RND_0188,924.0,892.7476196289062
2026,ttft_ms,RND_0656,1282.0,1351.9869384765625
2026,ttft_ms,RND_0020,439.0,484.319580078125
2026,ttft_ms,RND_0330,1494.0,1570.2935791015625
2026,ttft_ms,RND_0614,677.0,667.8067016601562
2026,ttft_ms,RND_0603,1189.0,992.8309326171875
2026,ttft_ms,RND_0199,1600.0,1484.5853271484375
2026,ttft_ms,RND_0419,1049.0,1110.094482421875
2026,ttft_ms,RND_0675,1410.0,1358.8824462890625
2026,ttft_ms,RND_0266,1933.0,1636.51904296875
2026,ttft_ms,RND_0195,651.0,699.110595703125
2026,ttft_ms,RND_0158,763.0,1129.38232421875
2026,ttft_ms,RND_0308,539.0,548.0535888671875
2026,ttft_ms,RND_0667,521.0,523.1317749023438
2026,ttft_ms,RND_0550,817.0,899.30126953125
2026,ttft_ms,RND_0432,1124.0,1255.7347412109375
2026,ttft_ms,RND_0418,701.0,679.0302124023438
2026,ttft_ms,RND_0459,1070.0,933.0408935546875
2026,ttft_ms,RND_0367,599.0,686.4551391601562
2026,ttft_ms,RND_0920,1116.0,1139.0833740234375
2026,ttft_ms,RND_0647,575.0,533.1085815429688
2026,ttft_ms,RND_0523,891.0,1063.304931640625
2026,ttft_ms,RND_0119,650.0,634.4695434570312
2026,ttft_ms,RND_0662,426.0,421.2211608886719
2026,ttft_ms,RND_0864,1304.0,1284.6109619140625
2026,ttft_ms,RND_0248,2354.0,2354.955078125
2026,ttft_ms,RND_0049,988.0,1043.5550537109375
2026,ttft_ms,RND_0751,1504.0,1542.1971435546875
2026,ttft_ms,RND_0752,1102.0,1126.71484375
2026,ttft_ms,RND_0045,450.0,425.3410339355469
2026,ttft_ms,RND_0878,1262.0,1241.1434326171875
2026,ttft_ms,RND_0478,350.0,337.69207763671875
2026,ttft_ms,RND_0284,886.0,928.5408325195312
2026,ttft_ms,RND_0922,689.0,805.6734619140625
2026,dynamic_energy_per_token_mj,RND_0706,21.337900161743164,24.863197326660156
2026,dynamic_energy_per_token_mj,RND_0910,19.212900161743164,16.17953872680664
2026,dynamic_energy_per_token_mj,RND_0717,15.774200439453125,15.492210388183594
2026,dynamic_energy_per_token_mj,RND_0462,19.249000549316406,13.428316116333008
2026,dynamic_energy_per_token_mj,RND_0740,11.123499870300293,10.675583839416504
2026,dynamic_energy_per_token_mj,RND_0543,16.04800033569336,13.324397087097168
2026,dynamic_energy_per_token_mj,RND_0475,9.517800331115723,10.64639949798584
2026,dynamic_energy_per_token_mj,RND_0153,31.92930030822754,31.909072875976562
2026,dynamic_energy_per_token_mj,RND_0836,35.66590118408203,21.140615463256836
2026,dynamic_energy_per_token_mj,RND_0050,41.9921989440918,36.4073600769043
2026,dynamic_energy_per_token_mj,RND_0585,44.875701904296875,38.4741096496582
2026,dynamic_energy_per_token_mj,RND_0098,18.126800537109375,20.214252471923828
2026,dynamic_energy_per_token_mj,RND_0060,19.958900451660156,17.27955436706543
2026,dynamic_energy_per_token_mj,RND_0821,18.163000106811523,15.618270874023438
2026,dynamic_energy_per_token_mj,RND_0105,33.84669876098633,34.818695068359375
2026,dynamic_energy_per_token_mj,RND_0477,18.742900848388672,21.910051345825195
2026,dynamic_energy_per_token_mj,RND_0925,46.25239944458008,30.924318313598633
2026,dynamic_energy_per_token_mj,RND_0500,39.457000732421875,38.946468353271484
2026,dynamic_energy_per_token_mj,RND_0112,16.562299728393555,20.460594177246094
2026,dynamic_energy_per_token_mj,RND_0417,25.08650016784668,29.660446166992188
2026,dynamic_energy_per_token_mj,RND_0551,6.7104997634887695,7.399328708648682
2026,dynamic_energy_per_token_mj,RND_0156,60.368499755859375,55.26244354248047
2026,dynamic_energy_per_token_mj,RND_0379,10.266200065612793,9.159317970275879
2026,dynamic_energy_per_token_mj,RND_0827,45.565799713134766,41.75294876098633
2026,dynamic_energy_per_token_mj,RND_0318,13.711899757385254,10.833572387695312
2026,dynamic_energy_per_token_mj,RND_0856,37.35820007324219,36.88185501098633
2026,dynamic_energy_per_token_mj,RND_0574,15.894100189208984,9.25243854522705
2026,dynamic_energy_per_token_mj,RND_0028,41.134498596191406,41.05318069458008
2026,dynamic_energy_per_token_mj,RND_0590,48.476600646972656,48.51313018798828
2026,dynamic_energy_per_token_mj,RND_0851,31.078100204467773,23.381555557250977
2026,dynamic_energy_per_token_mj,RND_0798,49.774200439453125,46.177120208740234
2026,dynamic_energy_per_token_mj,RND_0117,9.909799575805664,11.197736740112305
2026,dynamic_energy_per_token_mj,RND_0408,15.92590045928955,15.787412643432617
2026,dynamic_energy_per_token_mj,RND_0106,26.273399353027344,29.700611114501953
2026,dynamic_energy_per_token_mj,RND_0815,32.545101165771484,31.78257942199707
2026,dynamic_energy_per_token_mj,RND_0261,59.44620132446289,56.4056282043457
2026,dynamic_energy_per_token_mj,RND_0245,32.559600830078125,36.77060317993164
2026,dynamic_energy_per_token_mj,RND_0006,17.39349937438965,17.508474349975586
2026,dynamic_energy_per_token_mj,RND_0807,22.097000122070312,21.724443435668945
2026,dynamic_energy_per_token_mj,RND_0739,8.998499870300293,9.112494468688965
2026,dynamic_energy_per_token_mj,RND_0829,59.44390106201172,53.17391586303711
2026,dynamic_energy_per_token_mj,RND_0166,21.664600372314453,20.394960403442383
2026,dynamic_energy_per_token_mj,RND_0066,14.475299835205078,10.63841724395752
2026,dynamic_energy_per_token_mj,RND_0584,20.1825008392334,9.659433364868164
2026,dynamic_energy_per_token_mj,RND_0450,33.2755012512207,18.111913681030273
2026,dynamic_energy_per_token_mj,RND_0164,51.74209976196289,57.390926361083984
2026,dynamic_energy_per_token_mj,RND_0283,21.340099334716797,19.692642211914062
2026,dynamic_energy_per_token_mj,RND_0230,58.414798736572266,58.48478317260742
2026,dynamic_energy_per_token_mj,RND_0525,6.20359992980957,6.3934502601623535
2026,dynamic_energy_per_token_mj,RND_0004,33.38090133666992,28.234596252441406
2026,dynamic_energy_per_token_mj,RND_0640,16.72089958190918,13.027250289916992
2026,dynamic_energy_per_token_mj,RND_0818,16.619300842285156,14.579358100891113
2026,dynamic_energy_per_token_mj,RND_0240,35.64720153808594,35.88949203491211
2026,dynamic_energy_per_token_mj,RND_0791,25.887500762939453,19.972591400146484
2026,dynamic_energy_per_token_mj,RND_0929,20.768400192260742,13.157466888427734
2026,dynamic_energy_per_token_mj,RND_0784,4.912600040435791,15.411365509033203
2026,dynamic_energy_per_token_mj,RND_0428,8.14739990234375,8.931297302246094
2026,dynamic_energy_per_token_mj,RND_0734,5.448999881744385,5.982503414154053
2026,dynamic_energy_per_token_mj,RND_0540,18.944700241088867,14.37243366241455
2026,dynamic_energy_per_token_mj,RND_0866,26.09939956665039,25.29966926574707
2026,dynamic_energy_per_token_mj,RND_0792,12.001999855041504,14.525263786315918
2026,dynamic_energy_per_token_mj,RND_0019,8.699700355529785,8.45230770111084
2026,dynamic_energy_per_token_mj,RND_0129,19.987699508666992,26.0134220123291
2026,dynamic_energy_per_token_mj,RND_0458,7.273399829864502,8.135451316833496
2026,dynamic_energy_per_token_mj,RND_0896,13.106300354003906,17.348073959350586
2026,dynamic_energy_per_token_mj,RND_0031,18.17889976501465,19.860944747924805
2026,dynamic_energy_per_token_mj,RND_0353,35.70209884643555,36.829185485839844
2026,dynamic_energy_per_token_mj,RND_0151,7.702199935913086,12.628114700317383
2026,dynamic_energy_per_token_mj,RND_0887,28.459400177001953,16.66606330871582
2026,dynamic_energy_per_token_mj,RND_0295,27.367700576782227,29.64464569091797
2026,dynamic_energy_per_token_mj,RND_0919,20.394800186157227,19.448652267456055
2026,dynamic_energy_per_token_mj,RND_0872,14.3996000289917,17.929073333740234
2026,dynamic_energy_per_token_mj,RND_0616,14.7701997756958,13.845442771911621
2026,dynamic_energy_per_token_mj,RND_0405,13.162300109863281,16.354490280151367
2026,dynamic_energy_per_token_mj,RND_0304,7.1940999031066895,8.986479759216309
2026,dynamic_energy_per_token_mj,RND_0906,34.43320083618164,23.75419044494629
2026,dynamic_energy_per_token_mj,RND_0885,18.132099151611328,15.56257152557373
2026,dynamic_energy_per_token_mj,RND_0902,27.577800750732422,18.58621597290039
2026,dynamic_energy_per_token_mj,RND_0029,28.018299102783203,28.486616134643555
2026,dynamic_energy_per_token_mj,RND_0154,19.52280044555664,25.16547966003418
2026,dynamic_energy_per_token_mj,RND_0212,17.491300582885742,16.295982360839844
2026,dynamic_energy_per_token_mj,RND_0921,13.920900344848633,11.909290313720703
2026,dynamic_energy_per_token_mj,RND_0876,54.3922004699707,51.43602752685547
2026,dynamic_energy_per_token_mj,RND_0221,9.8149995803833,26.171289443969727
2026,dynamic_energy_per_token_mj,RND_0400,7.868299961090088,11.548384666442871
2026,dynamic_energy_per_token_mj,RND_0944,31.832300186157227,33.46772384643555
2026,dynamic_energy_per_token_mj,RND_0189,11.320199966430664,16.24774742126465
2026,dynamic_energy_per_token_mj,RND_0196,32.27539825439453,28.5281925201416
2026,dynamic_energy_per_token_mj,RND_0924,12.254799842834473,7.088757038116455
2026,dynamic_energy_per_token_mj,RND_0516,16.47920036315918,20.998985290527344
2026,dynamic_energy_per_token_mj,RND_0169,18.952299118041992,13.86983585357666
2026,dynamic_energy_per_token_mj,RND_0258,27.906299591064453,22.555248260498047
2026,dynamic_energy_per_token_mj,RND_0466,62.85540008544922,62.83345413208008
2026,dynamic_energy_per_token_mj,RND_0165,65.80560302734375,74.2289810180664
2026,dynamic_energy_per_token_mj,RND_0629,17.255300521850586,16.298885345458984
2026,dynamic_energy_per_token_mj,RND_0008,40.33679962158203,37.85612106323242
2026,dynamic_energy_per_token_mj,RND_0399,43.9463996887207,33.31568145751953
2026,dynamic_energy_per_token_mj,RND_0714,22.739599227905273,24.89027214050293
2026,dynamic_energy_per_token_mj,RND_0794,4.592800140380859,8.423892974853516
2026,dynamic_energy_per_token_mj,RND_0300,47.9364013671875,44.1709098815918
2026,dynamic_energy_per_token_mj,RND_0882,11.80720043182373,13.07359504699707
2026,dynamic_energy_per_token_mj,RND_0559,40.80009841918945,35.86074447631836
2026,dynamic_energy_per_token_mj,RND_0394,30.940399169921875,31.018163681030273
2026,dynamic_energy_per_token_mj,RND_0492,8.464400291442871,10.285186767578125
2026,dynamic_energy_per_token_mj,RND_0644,4.682000160217285,12.268523216247559
2026,dynamic_energy_per_token_mj,RND_0932,16.85449981689453,20.10841178894043
2026,dynamic_energy_per_token_mj,RND_0871,26.561100006103516,16.917125701904297
2026,dynamic_energy_per_token_mj,RND_0235,46.46649932861328,44.99355697631836
2026,dynamic_energy_per_token_mj,RND_0431,24.03890037536621,26.430728912353516
2026,dynamic_energy_per_token_mj,RND_0414,16.23780059814453,16.430553436279297
2026,dynamic_energy_per_token_mj,RND_0273,89.11920166015625,86.49774169921875
2026,dynamic_energy_per_token_mj,RND_0839,35.06560134887695,15.743108749389648
2026,dynamic_energy_per_token_mj,RND_0254,16.865800857543945,16.464515686035156
2026,dynamic_energy_per_token_mj,RND_0895,9.48009967803955,8.662588119506836
2026,dynamic_energy_per_token_mj,RND_0832,50.056800842285156,46.17708969116211
2026,dynamic_energy_per_token_mj,RND_0390,28.395999908447266,29.218263626098633
2026,dynamic_energy_per_token_mj,RND_0306,21.273000717163086,24.048601150512695
2026,dynamic_energy_per_token_mj,RND_0407,7.504000186920166,10.113114356994629
2026,dynamic_energy_per_token_mj,RND_0931,40.855499267578125,35.645484924316406
2026,dynamic_energy_per_token_mj,RND_0325,27.072799682617188,21.21708869934082
2026,dynamic_energy_per_token_mj,RND_0758,11.592000007629395,12.964364051818848
2026,dynamic_energy_per_token_mj,RND_0488,45.68050003051758,42.97455596923828
2026,dynamic_energy_per_token_mj,RND_0558,7.957499980926514,10.537277221679688
2026,dynamic_energy_per_token_mj,RND_0386,14.223699569702148,17.315082550048828
2026,dynamic_energy_per_token_mj,RND_0227,22.59239959716797,19.081817626953125
2026,dynamic_energy_per_token_mj,RND_0634,24.657800674438477,21.654781341552734
2026,dynamic_energy_per_token_mj,RND_0281,5.019400119781494,7.650822639465332
2026,dynamic_energy_per_token_mj,RND_0937,29.122600555419922,24.68552589416504
2026,dynamic_energy_per_token_mj,RND_0064,10.049500465393066,8.941634178161621
2026,dynamic_energy_per_token_mj,RND_0125,26.049100875854492,26.251041412353516
2026,dynamic_energy_per_token_mj,RND_0938,81.7520980834961,78.30944061279297
2026,dynamic_energy_per_token_mj,RND_0572,16.171899795532227,9.445425987243652
2026,dynamic_energy_per_token_mj,RND_0420,16.146699905395508,17.624544143676758
2026,dynamic_energy_per_token_mj,RND_0646,23.69070053100586,25.52898597717285
2026,dynamic_energy_per_token_mj,RND_0842,37.386600494384766,18.359987258911133
2026,dynamic_energy_per_token_mj,RND_0315,32.1442985534668,32.11636734008789
2026,dynamic_energy_per_token_mj,RND_0033,25.57939910888672,19.99363136291504
2026,dynamic_energy_per_token_mj,RND_0652,50.02840042114258,52.838008880615234
2026,dynamic_energy_per_token_mj,RND_0159,90.49929809570312,74.51634216308594
2026,dynamic_energy_per_token_mj,RND_0303,34.56439971923828,32.845237731933594
2026,dynamic_energy_per_token_mj,RND_0097,54.33489990234375,48.15966033935547
2026,dynamic_energy_per_token_mj,RND_0849,29.093299865722656,21.450044631958008
2026,dynamic_energy_per_token_mj,RND_0884,46.387901306152344,49.39856719970703
2026,dynamic_energy_per_token_mj,RND_0548,13.827799797058105,22.39029312133789
2026,dynamic_energy_per_token_mj,RND_0606,73.44930267333984,72.96778869628906
2026,dynamic_energy_per_token_mj,RND_0770,5.397900104522705,6.631387233734131
2026,dynamic_energy_per_token_mj,RND_0137,8.659199714660645,8.212761878967285
2026,dynamic_energy_per_token_mj,RND_0078,32.040000915527344,30.8708438873291
2026,dynamic_energy_per_token_mj,RND_0013,29.23080062866211,27.310388565063477
2026,dynamic_energy_per_token_mj,RND_0382,22.189599990844727,20.984617233276367
2026,dynamic_energy_per_token_mj,RND_0505,8.255200386047363,8.796144485473633
2026,dynamic_energy_per_token_mj,RND_0601,26.12980079650879,20.33809471130371
2026,dynamic_energy_per_token_mj,RND_0612,24.88680076599121,19.671489715576172
2026,dynamic_energy_per_token_mj,RND_0426,8.39840030670166,8.008018493652344
2026,dynamic_energy_per_token_mj,RND_0188,62.57780075073242,66.510986328125
2026,dynamic_energy_per_token_mj,RND_0656,29.8075008392334,76.03465270996094
2026,dynamic_energy_per_token_mj,RND_0020,30.898799896240234,22.407751083374023
2026,dynamic_energy_per_token_mj,RND_0330,33.18579864501953,32.79130935668945
2026,dynamic_energy_per_token_mj,RND_0614,13.890999794006348,12.94927978515625
2026,dynamic_energy_per_token_mj,RND_0603,21.915800094604492,16.992219924926758
2026,dynamic_energy_per_token_mj,RND_0199,34.28710174560547,27.725311279296875
2026,dynamic_energy_per_token_mj,RND_0419,14.579000473022461,16.864564895629883
2026,dynamic_energy_per_token_mj,RND_0675,29.4778995513916,29.565921783447266
2026,dynamic_energy_per_token_mj,RND_0266,42.47309875488281,39.938995361328125
2026,dynamic_energy_per_token_mj,RND_0195,9.334799766540527,8.614042282104492
2026,dynamic_energy_per_token_mj,RND_0158,16.532899856567383,21.301218032836914
2026,dynamic_energy_per_token_mj,RND_0308,7.63539981842041,7.007288932800293
2026,dynamic_energy_per_token_mj,RND_0667,7.018799781799316,7.951216220855713
2026,dynamic_energy_per_token_mj,RND_0550,59.6786003112793,47.217552185058594
2026,dynamic_energy_per_token_mj,RND_0432,16.62350082397461,25.329261779785156
2026,dynamic_energy_per_token_mj,RND_0418,7.034999847412109,8.895790100097656
2026,dynamic_energy_per_token_mj,RND_0459,18.38629913330078,15.462748527526855
2026,dynamic_energy_per_token_mj,RND_0367,10.306500434875488,11.703350067138672
2026,dynamic_energy_per_token_mj,RND_0920,17.43400001525879,15.979227066040039
2026,dynamic_energy_per_token_mj,RND_0647,8.361900329589844,9.607251167297363
2026,dynamic_energy_per_token_mj,RND_0523,22.73110008239746,22.677541732788086
2026,dynamic_energy_per_token_mj,RND_0119,19.475099563598633,15.029993057250977
2026,dynamic_energy_per_token_mj,RND_0662,26.402099609375,18.00995635986328
2026,dynamic_energy_per_token_mj,RND_0864,25.060800552368164,22.850107192993164
2026,dynamic_energy_per_token_mj,RND_0248,51.33420181274414,54.96830749511719
2026,dynamic_energy_per_token_mj,RND_0049,14.746600151062012,16.315229415893555
2026,dynamic_energy_per_token_mj,RND_0751,31.28350067138672,34.49148941040039
2026,dynamic_energy_per_token_mj,RND_0752,15.398300170898438,16.94137954711914
2026,dynamic_energy_per_token_mj,RND_0045,6.980400085449219,7.577927112579346
2026,dynamic_energy_per_token_mj,RND_0878,26.26420021057129,22.647306442260742
2026,dynamic_energy_per_token_mj,RND_0478,18.19849967956543,19.856706619262695
2026,dynamic_energy_per_token_mj,RND_0284,14.915399551391602,13.455909729003906
2026,dynamic_energy_per_token_mj,RND_0922,13.308699607849121,16.807235717773438
